gas_metana,suhu,kelembaban,tekanan,hst_hari,dosis_urea,dosis_npk,status_lahan
504.9,25.5,78.0,1017.43,28,32.2,24.3,1
372.0,24.1,72.2,1012.76,39,66.6,71.8,0
354.5,33.7,78.9,1011.41,66,0.0,0.0,1
354.5,26.5,72.4,1017.63,91,0.0,0.0,0
807.9,29.1,76.8,1009.98,80,0.0,0.0,1
571.2,24.3,65.7,1010.71,60,18.9,20.6,1
314.3,28.8,75.9,1010.12,41,70.9,74.4,0
515.7,26.5,71.9,1009.25,42,28.9,32.9,1
447.9,24.1,66.5,1013.79,93,0.0,0.0,0
142.0,32.2,92.8,1011.45,9,39.2,96.4,0
235.3,31.8,66.8,1014.96,104,0.0,0.0,0
463.5,28.2,76.1,1007.18,71,0.0,0.0,1
771.2,31.3,69.2,1009.32,73,0.0,0.0,1
356.0,33.8,78.5,1013.43,9,15.9,48.4,1
302.3,30.6,65.2,1018.39,66,0.0,0.0,0
420.5,29.8,83.1,1014.57,53,31.6,38.9,0
293.5,29.1,93.3,1011.19,16,41.1,101.3,0
344.3,30.3,68.9,1008.04,33,71.3,77.5,0
395.7,27.5,86.3,1010.98,94,0.0,0.0,0
229.6,27.7,72.8,1013.1,60,35.0,38.6,0
585.4,29.8,88.8,1005.0,46,16.3,16.8,1
209.8,27.2,94.6,1009.0,12,38.0,101.1,0
197.7,27.5,74.0,1010.67,76,0.0,0.0,0
438.3,28.5,63.1,1012.35,75,0.0,0.0,0
563.8,31.7,84.1,1013.06,66,0.0,0.0,1
433.0,25.3,77.9,1011.11,56,35.0,37.6,0
376.2,30.6,80.3,1015.02,48,37.3,41.3,0
342.7,30.7,73.1,1013.69,64,34.8,40.4,0
315.7,30.7,68.5,1011.95,28,71.7,77.2,0
648.9,26.2,85.9,1015.5,99,0.0,0.0,1
465.7,23.8,78.7,1015.22,64,16.4,19.4,1
328.3,30.1,63.7,1008.16,36,71.7,76.5,0
281.9,29.0,81.8,1013.14,50,37.3,44.2,0
532.3,31.3,80.1,1016.37,86,0.0,0.0,1
641.6,26.5,73.2,1016.95,21,39.2,40.7,1
614.3,30.6,89.8,1014.55,34,42.3,44.2,1
258.5,31.5,70.7,1012.43,73,0.0,0.0,0
341.2,28.2,74.6,1014.72,37,63.1,68.4,0
312.7,29.7,82.5,1016.08,84,0.0,0.0,0
363.2,29.6,76.7,1013.66,18,37.0,97.3,0
582.8,26.2,64.2,1014.05,81,0.0,0.0,1
737.0,30.0,77.6,1012.38,12,23.1,60.7,1
474.0,33.0,72.5,1008.57,6,22.9,57.1,1
286.7,28.6,83.3,1012.64,95,0.0,0.0,0
391.4,24.4,77.3,1010.88,63,35.4,39.8,0
803.1,26.6,76.8,1010.89,40,39.9,42.9,1
415.7,23.5,67.1,1018.27,28,65.3,72.8,0
343.0,32.1,74.0,1016.58,67,0.0,0.0,0
357.1,30.6,84.2,1007.32,56,35.2,44.4,0
473.0,27.1,69.4,1009.45,104,0.0,0.0,1
262.8,24.5,75.7,1011.98,103,0.0,0.0,0
309.1,26.2,68.0,1011.01,69,0.0,0.0,0
610.0,26.7,65.9,1014.36,49,15.2,16.9,1
466.7,28.8,75.3,1008.9,54,16.5,24.2,1
417.7,28.7,77.5,1016.6,73,0.0,0.0,0
624.4,32.3,92.9,1013.1,15,16.5,42.6,1
278.2,26.6,72.1,1012.06,38,69.4,71.1,0
338.1,24.3,75.6,1013.2,13,36.5,94.3,0
459.6,25.3,65.4,1011.79,12,22.1,59.7,1
452.0,28.4,81.2,1006.14,25,33.3,31.7,1
188.2,26.5,79.4,1013.29,54,32.3,37.3,0
322.3,27.7,88.7,1012.13,83,0.0,0.0,0
367.7,27.2,85.4,1009.91,54,32.2,38.4,0
483.6,31.3,79.0,1017.09,39,30.2,32.6,1
451.2,26.9,72.0,1015.59,13,19.0,50.4,1
384.0,27.4,77.7,1021.79,60,33.2,37.7,0
141.6,30.5,75.1,1016.17,32,71.4,77.3,0
393.2,26.9,84.1,1011.0,66,0.0,0.0,0
410.3,29.7,83.0,1010.08,103,0.0,0.0,0
1137.2,29.4,73.5,1011.52,16,0.0,0.0,2
362.0,28.9,63.6,1010.92,26,73.8,78.7,0
460.8,25.3,87.3,1013.63,52,19.2,21.7,1
673.3,31.9,80.9,1007.86,102,0.0,0.0,1
567.2,34.7,73.3,1015.52,82,0.0,0.0,1
751.4,28.5,80.6,1013.57,95,0.0,0.0,1
189.7,25.6,76.6,1015.11,38,73.0,78.2,0
238.2,28.6,87.2,1009.25,104,0.0,0.0,0
298.8,31.3,59.6,1014.11,15,40.0,96.4,0
174.4,26.8,72.6,1017.8,10,38.3,100.1,0
411.9,28.1,89.6,1010.24,91,0.0,0.0,0
247.6,29.5,80.8,1010.14,98,0.0,0.0,0
798.3,31.9,91.1,1015.74,14,16.5,40.9,1
266.4,30.7,65.6,1009.86,16,36.4,93.1,0
339.0,30.8,85.1,1012.43,8,39.1,92.6,0
583.1,27.3,84.6,1018.42,15,21.8,59.7,1
208.7,29.6,61.7,1010.19,26,68.7,74.1,0
168.9,26.5,73.5,1018.66,102,0.0,0.0,0
435.7,30.9,75.1,1012.07,72,0.0,0.0,0
451.7,31.7,62.2,1009.33,83,0.0,0.0,1
574.9,30.0,73.7,1015.36,83,0.0,0.0,1
510.8,27.5,83.4,1013.63,59,21.6,27.7,1
459.8,27.9,72.7,1013.3,85,0.0,0.0,1
281.5,33.6,78.1,1010.56,65,17.3,20.6,1
445.8,27.5,78.1,1013.6,36,66.2,67.7,0
458.9,31.4,75.9,1006.01,61,21.1,26.6,1
276.4,29.4,70.0,1014.02,58,32.9,36.5,0
906.1,27.6,81.6,1017.79,87,0.0,0.0,2
499.6,24.7,62.5,1007.07,103,0.0,0.0,1
240.3,29.1,76.1,1011.83,46,36.0,39.5,0
576.2,28.8,87.8,1010.19,81,0.0,0.0,1
623.0,33.6,72.2,1007.96,15,18.8,48.0,1
485.5,26.1,69.8,1006.06,83,0.0,0.0,1
352.5,34.9,82.2,1009.12,42,42.9,45.3,1
270.6,29.6,77.4,1012.4,9,38.7,94.5,0
383.5,29.6,82.3,1017.27,41,64.7,71.8,0
469.5,26.8,76.3,1007.92,66,0.0,0.0,1
400.9,29.4,55.7,1014.28,17,42.0,103.3,0
767.4,29.8,86.0,1014.02,97,0.0,0.0,1
535.7,31.1,93.6,1019.1,13,17.3,45.3,1
256.0,25.8,86.9,1015.25,98,0.0,0.0,0
227.9,32.4,50.0,1015.45,76,0.0,0.0,0
501.6,29.5,79.8,1015.7,38,28.1,33.4,1
356.4,30.2,72.0,1010.02,44,68.2,72.7,0
557.6,27.9,66.8,1011.25,79,0.0,0.0,1
499.4,25.9,77.0,1017.16,65,0.0,0.0,1
384.3,28.7,74.7,1006.07,72,0.0,0.0,0
257.5,29.0,80.3,1010.86,44,66.3,73.0,0
178.0,24.6,76.5,1008.59,54,34.1,38.3,0
441.9,30.7,66.5,1014.07,104,0.0,0.0,0
207.0,31.3,71.1,1011.77,26,70.8,72.5,0
252.4,26.5,69.7,1015.44,47,33.2,40.0,0
429.3,25.6,61.4,1012.87,34,65.2,68.5,0
409.9,27.7,64.3,1007.84,82,0.0,0.0,0
219.1,28.6,74.2,1008.0,81,0.0,0.0,0
656.3,27.8,88.1,1013.23,34,33.1,35.8,1
648.0,28.3,71.4,1010.55,13,24.4,57.9,1
509.2,29.1,69.6,1011.39,6,18.2,42.3,1
508.9,24.7,66.0,1016.53,48,16.9,21.2,1
509.2,25.0,76.3,1015.91,46,17.0,18.9,1
1450.0,21.0,86.0,1019.54,104,0.0,0.0,2
620.4,31.1,93.0,1012.14,52,18.0,17.8,1
542.0,28.5,78.4,1011.01,31,30.5,35.0,1
267.9,31.4,77.2,1014.71,94,0.0,0.0,0
354.0,25.3,71.4,1011.29,54,38.6,41.9,0
1076.3,28.6,72.8,1011.4,65,0.0,0.0,2
145.8,29.1,81.3,1012.54,15,39.8,102.7,0
313.9,26.9,73.3,1019.03,43,65.0,70.6,0
657.9,24.2,74.6,1015.71,99,0.0,0.0,1
276.2,33.4,75.8,1016.08,64,36.2,38.7,0
549.0,32.4,71.0,1018.88,39,32.5,37.0,1
407.3,27.4,75.4,1016.41,68,0.0,0.0,0
285.7,29.9,58.8,1009.29,96,0.0,0.0,0
133.3,27.1,80.7,1016.36,32,67.1,73.9,0
436.1,25.7,96.0,1016.8,56,35.1,39.8,0
265.1,33.6,71.3,1015.53,101,0.0,0.0,1
376.4,23.9,79.2,1012.57,22,69.9,78.0,0
506.8,27.7,83.2,1015.16,77,0.0,0.0,1
596.8,28.7,86.9,1013.18,66,0.0,0.0,1
313.4,33.1,73.8,1009.83,73,0.0,0.0,0
285.5,31.0,60.7,1010.7,40,69.3,73.2,0
205.2,23.8,78.3,1015.71,36,67.7,69.5,0
610.7,28.5,77.1,1010.08,73,0.0,0.0,1
1000.7,28.6,73.1,1010.41,27,0.0,0.0,2
642.0,27.9,74.9,1015.89,47,22.7,25.9,1
709.8,30.2,77.2,1013.72,24,33.0,32.8,1
277.4,24.6,79.1,1015.27,6,38.0,93.7,0
492.6,27.4,78.7,1008.95,102,0.0,0.0,1
573.0,29.8,74.1,1015.17,48,16.9,18.1,1
71.1,30.4,79.3,1010.94,102,0.0,0.0,0
233.8,28.9,73.6,1009.69,19,39.6,92.7,0
825.5,27.7,81.5,1011.48,64,19.4,20.3,1
186.7,28.2,70.7,1018.02,25,76.2,76.2,0
763.5,30.6,76.6,1011.97,84,0.0,0.0,1
186.1,28.6,62.2,1020.95,83,0.0,0.0,0
239.4,25.6,72.9,1006.03,16,39.8,102.8,0
496.8,25.0,80.8,1007.84,96,0.0,0.0,1
412.2,24.3,67.2,1017.88,24,69.8,72.4,0
328.2,32.6,73.3,1018.76,66,0.0,0.0,0
810.2,30.8,55.6,1010.23,104,0.0,0.0,1
207.9,28.2,64.4,1013.49,93,0.0,0.0,0
369.5,27.2,66.6,1015.74,101,0.0,0.0,0
526.7,26.9,76.9,1012.45,39,42.7,41.9,1
456.3,31.6,78.8,1013.77,16,20.1,57.6,1
290.1,33.8,75.5,1013.29,24,32.8,36.9,1
295.2,26.8,72.7,1008.06,55,33.9,35.1,0
592.5,31.7,72.8,1012.04,84,0.0,0.0,1
605.8,28.6,82.1,1013.29,20,37.5,38.6,1
462.0,27.9,77.8,1013.61,71,0.0,0.0,1
260.0,32.7,73.2,1007.19,37,70.7,73.7,0
299.8,28.5,87.0,1015.89,39,66.9,74.9,0
394.3,29.3,92.6,1013.7,71,0.0,0.0,0
421.8,29.2,65.4,1009.56,52,37.8,42.0,0
516.8,23.9,80.4,1019.55,86,0.0,0.0,1
360.2,29.3,98.0,1012.04,21,69.5,72.8,0
586.2,26.9,78.4,1012.26,84,0.0,0.0,1
583.1,24.5,77.0,1015.5,11,21.7,51.4,1
721.5,27.1,75.5,1019.84,24,31.0,35.1,1
402.5,27.0,80.2,1015.63,71,0.0,0.0,0
465.7,31.4,82.4,1016.14,90,0.0,0.0,1
373.5,25.5,65.4,1009.74,30,73.5,76.5,0
261.5,26.3,75.8,1013.55,38,68.2,70.0,0
989.4,29.2,56.7,1011.39,59,0.0,0.0,2
677.8,24.8,74.2,1015.71,26,35.7,38.4,1
577.4,26.7,68.3,1016.04,86,0.0,0.0,1
395.9,23.8,78.9,1018.97,82,0.0,0.0,0
250.6,31.1,61.9,1005.7,20,37.7,97.4,0
626.2,27.7,71.6,1011.04,51,15.0,17.4,1
370.3,28.5,84.2,1017.8,82,0.0,0.0,0
485.6,31.1,70.3,1008.34,39,39.2,42.2,1
299.2,26.5,59.8,1016.07,68,0.0,0.0,0
448.5,27.6,78.2,1017.22,10,37.4,92.4,0
308.2,25.5,71.0,1013.15,66,0.0,0.0,0
314.0,25.5,74.4,1008.27,20,72.0,76.2,0
445.8,25.9,69.8,1012.82,88,0.0,0.0,0
184.8,27.1,92.8,1018.36,41,66.8,72.0,0
189.1,27.4,62.8,1018.64,33,67.8,69.4,0
275.8,29.3,98.0,1013.98,89,0.0,0.0,0
358.2,26.0,72.7,1009.83,10,37.3,94.7,0
594.6,29.4,77.6,1019.33,45,35.6,38.6,1
368.0,29.9,71.1,1016.12,42,70.6,70.8,0
394.7,27.2,70.8,1010.06,33,64.6,68.4,0
344.8,26.2,69.3,1014.45,96,0.0,0.0,0
465.4,28.7,81.1,1014.29,80,0.0,0.0,1
260.2,27.9,64.0,1011.02,11,39.4,101.2,0
377.5,29.1,79.1,1014.47,76,0.0,0.0,0
483.0,32.9,57.4,1017.12,58,14.1,19.4,1
444.1,28.7,78.3,1012.21,95,0.0,0.0,0
400.8,26.7,83.2,1017.48,36,69.4,76.2,0
403.2,26.0,65.2,1007.11,62,36.5,42.6,0
505.2,26.1,81.8,1021.01,55,16.4,21.9,1
1012.7,24.4,76.4,1013.45,54,0.0,0.0,2
268.7,31.1,89.6,1017.01,51,34.5,39.3,0
1026.8,22.2,68.7,1014.02,26,0.0,0.0,2
262.9,29.9,98.0,1010.37,81,0.0,0.0,0
126.1,26.1,55.7,1013.12,50,36.2,43.4,0
305.2,27.1,73.2,1006.57,101,0.0,0.0,0
469.6,26.0,61.6,1015.66,31,39.1,43.4,1
909.8,32.5,91.7,1013.93,73,0.0,0.0,2
250.4,28.5,73.8,1012.58,99,0.0,0.0,0
503.8,30.7,74.5,1015.88,71,0.0,0.0,1
198.5,32.1,79.8,1013.38,92,0.0,0.0,0
893.9,29.0,76.0,1015.37,88,0.0,0.0,1
684.0,25.2,71.0,1016.62,41,34.3,40.7,1
314.3,27.9,65.3,1011.33,65,0.0,0.0,0
736.2,26.4,77.4,1010.33,21,37.1,40.0,1
376.4,27.1,79.2,1007.22,59,33.6,39.4,0
701.2,28.2,81.9,1013.68,28,30.7,32.8,1
399.4,28.1,92.3,1014.83,79,0.0,0.0,0
407.6,29.7,57.5,1008.62,58,37.6,39.4,0
317.5,30.1,75.4,1018.22,46,33.6,39.2,0
535.0,28.1,86.1,1010.37,32,40.4,40.5,1
422.4,29.6,74.9,1005.89,105,0.0,0.0,0
509.0,27.0,56.1,1018.48,12,25.1,53.1,1
176.1,32.2,65.0,1006.34,9,41.7,99.8,0
713.1,26.9,78.8,1016.62,27,35.8,37.3,1
798.7,31.9,78.5,1015.77,102,0.0,0.0,1
421.5,24.4,81.7,1014.37,103,0.0,0.0,0
977.5,27.4,69.4,1011.42,70,0.0,0.0,2
867.3,27.6,78.2,1015.01,93,0.0,0.0,1
540.6,29.3,68.0,1016.92,26,34.7,32.6,1
740.8,30.9,78.2,1009.8,102,0.0,0.0,1
649.3,25.0,76.5,1016.67,19,22.1,54.1,1
155.0,25.4,69.0,1016.51,15,32.4,92.5,0
348.2,24.6,89.2,1014.28,16,42.3,93.6,0
558.5,32.2,61.5,1011.37,62,14.4,13.8,1
824.3,29.3,74.8,1016.52,83,0.0,0.0,1
192.0,25.5,68.8,1015.03,42,64.2,74.2,0
160.0,27.3,91.6,1009.69,103,0.0,0.0,0
387.6,31.8,81.1,1011.96,48,36.0,43.2,0
130.1,27.7,70.5,1016.12,20,67.6,80.4,0
381.2,27.6,73.6,1013.65,52,33.2,42.0,0
475.1,26.3,91.8,1017.05,73,0.0,0.0,1
244.8,25.6,68.0,1012.05,88,0.0,0.0,0
386.2,31.8,61.0,1009.75,51,32.5,35.5,0
620.7,33.2,78.5,1020.93,64,17.1,21.8,1
304.5,25.7,78.7,1007.37,32,68.7,72.6,0
265.0,32.4,81.7,1011.5,70,0.0,0.0,0
377.8,27.1,81.7,1014.23,104,0.0,0.0,0
232.4,30.0,91.1,1016.7,10,40.8,100.0,0
941.8,32.4,61.4,1015.51,94,0.0,0.0,2
405.3,28.1,65.8,1021.34,61,35.3,39.3,0
278.5,27.6,81.6,1012.84,30,72.3,77.9,0
441.9,30.7,66.6,1010.19,100,0.0,0.0,0
376.8,25.4,63.6,1012.48,53,35.3,40.5,0
356.8,31.7,91.9,1012.13,38,70.0,76.3,0
304.5,28.9,62.2,1013.01,23,67.8,72.6,0
297.3,26.9,73.0,1009.81,29,64.7,67.3,0
178.0,26.8,75.5,1015.99,88,0.0,0.0,0
740.2,24.6,87.1,1014.55,66,0.0,0.0,1
523.8,27.0,60.1,1008.83,96,0.0,0.0,1
462.9,27.8,79.5,1016.64,28,26.3,30.7,1
373.9,25.5,68.4,1010.41,17,37.7,91.4,0
242.8,28.4,81.3,1009.11,6,40.6,94.6,0
270.3,29.8,68.3,1013.56,56,34.7,39.9,0
187.5,27.9,89.4,1007.1,105,0.0,0.0,0
286.5,30.4,68.3,1015.31,74,0.0,0.0,0
226.6,26.2,55.1,1003.31,36,70.5,73.9,0
843.9,31.3,69.3,1009.65,93,0.0,0.0,1
601.0,28.8,73.8,1018.76,83,0.0,0.0,1
413.7,32.8,85.2,1010.85,7,37.1,90.4,0
255.5,35.3,65.3,1011.46,87,0.0,0.0,1
232.2,27.2,65.5,1017.71,35,68.5,72.9,0
362.4,27.3,84.2,1010.47,20,37.0,94.3,0
612.9,27.8,64.3,1015.92,28,38.0,43.0,1
190.0,30.2,74.5,1017.36,52,27.8,36.8,0
520.6,32.2,74.7,1014.92,47,17.5,21.6,1
285.9,26.7,77.8,1008.19,34,70.2,73.4,0
311.4,29.6,69.6,1011.14,22,67.2,72.7,0
407.9,28.1,68.1,1022.75,81,0.0,0.0,0
259.7,30.2,78.8,1011.53,104,0.0,0.0,0
353.6,32.7,68.4,1023.7,83,0.0,0.0,0
249.2,27.8,64.4,1019.23,35,71.9,70.7,0
297.2,23.8,86.4,1015.07,29,73.0,76.0,0
568.1,30.6,80.1,1014.29,27,33.9,36.5,1
418.1,26.2,91.0,1011.62,19,38.1,98.2,0
567.1,28.1,82.7,1012.94,60,20.3,24.7,1
284.1,30.7,65.2,1010.84,66,0.0,0.0,0
522.4,29.3,76.8,1013.03,76,0.0,0.0,1
167.0,28.2,67.4,1008.48,73,0.0,0.0,0
407.8,26.9,62.0,1008.29,34,66.9,70.3,0
538.9,21.0,72.2,1017.8,38,28.7,28.6,1
163.8,30.5,84.3,1007.61,73,0.0,0.0,0
285.7,27.8,78.3,1016.35,40,66.4,75.4,0
407.7,32.7,64.2,1006.62,26,66.7,75.4,0
634.8,29.6,71.9,1015.45,42,41.5,44.1,1
297.2,27.0,74.8,1012.52,32,69.6,75.9,0
512.7,31.5,61.6,1017.87,14,23.0,57.1,1
763.6,31.7,82.1,1012.09,88,0.0,0.0,1
523.9,27.9,74.1,1006.22,90,0.0,0.0,1
360.1,31.8,64.2,1012.59,27,66.2,75.7,0
476.2,26.9,63.7,1013.81,11,21.8,57.1,1
293.0,28.9,85.4,1012.79,79,0.0,0.0,0
415.6,30.1,72.8,1015.26,26,64.7,72.8,0
368.7,30.7,86.1,1011.27,44,69.6,73.1,0
468.7,30.2,89.4,1008.83,11,19.4,47.8,1
323.8,27.6,84.7,1009.75,28,67.6,74.7,0
481.4,31.6,71.5,1011.44,84,0.0,0.0,1
322.3,28.2,54.8,1011.41,85,0.0,0.0,0
598.2,26.9,78.7,1021.67,26,42.2,41.1,1
338.3,26.9,93.8,1017.64,39,68.7,74.3,0
132.3,33.9,75.7,1015.65,18,19.3,43.8,1
235.9,26.4,59.1,1014.81,12,37.6,98.6,0
402.0,32.1,70.3,1014.3,104,0.0,0.0,0
840.3,25.3,74.4,1014.32,71,0.0,0.0,1
587.2,29.9,66.7,1013.82,59,15.3,16.1,1
120.0,29.3,54.2,1013.39,82,0.0,0.0,0
181.7,33.0,75.2,1005.93,89,0.0,0.0,0
673.6,26.7,69.3,1011.96,86,0.0,0.0,1
537.5,25.9,91.1,1012.41,7,15.3,43.6,1
1058.7,28.2,76.9,1010.63,24,0.0,0.0,2
315.9,33.2,80.0,1011.3,70,0.0,0.0,0
257.1,26.0,75.0,1014.3,43,68.9,72.2,0
412.5,21.3,76.8,1015.94,103,0.0,0.0,0
312.9,28.7,62.0,1014.3,72,0.0,0.0,0
643.5,31.2,67.2,1015.85,101,0.0,0.0,1
307.7,25.7,85.3,1015.91,25,66.1,69.2,0
348.1,30.9,77.8,1012.2,91,0.0,0.0,0
239.7,25.6,72.6,1015.09,37,67.5,71.6,0
568.5,28.1,80.1,1007.14,104,0.0,0.0,1
247.2,30.6,80.3,1011.9,21,73.5,75.7,0
485.7,25.2,92.9,1011.49,57,20.8,21.3,1
910.0,29.0,77.4,1018.61,84,0.0,0.0,2
153.3,31.9,67.0,1014.43,48,32.7,43.3,0
780.9,29.8,75.0,1008.58,52,10.5,17.0,1
456.1,26.5,81.2,1015.33,104,0.0,0.0,1
221.2,32.8,84.5,1016.43,48,33.3,39.5,0
420.2,30.3,62.3,1012.94,65,0.0,0.0,0
560.6,23.3,78.2,1015.67,10,18.3,50.6,1
265.4,30.9,68.4,1004.52,89,0.0,0.0,0
499.0,26.9,71.2,1003.8,70,0.0,0.0,1
812.5,29.1,83.2,1009.12,45,18.0,18.5,1
307.5,31.3,82.3,1013.77,7,40.9,100.0,0
238.3,27.0,70.2,1018.61,64,30.0,36.2,0
374.3,23.9,74.7,1009.31,6,40.0,101.2,0
409.4,32.7,71.4,1010.26,5,37.0,94.9,0
659.4,31.8,98.0,1013.56,67,0.0,0.0,1
368.3,28.3,78.4,1011.53,24,70.9,76.9,0
321.3,30.9,68.9,1011.33,24,67.6,72.0,0
235.4,27.5,87.2,1011.77,70,0.0,0.0,0
164.4,28.8,87.5,1017.85,10,38.2,96.3,0
201.9,28.1,91.2,1017.16,36,66.2,71.9,0
201.4,27.6,93.7,1013.33,20,37.0,97.7,0
350.0,29.5,82.0,1019.04,63,32.4,42.3,0
179.2,25.1,73.0,1015.03,71,0.0,0.0,0
387.8,27.8,74.3,1017.29,77,0.0,0.0,0
900.1,29.4,73.5,1010.24,31,0.0,0.0,2
668.7,33.6,72.6,1010.96,14,18.0,49.8,1
348.3,25.2,86.5,1010.92,13,37.7,96.6,0
1183.9,30.0,76.0,1012.95,48,0.0,0.0,2
410.1,30.3,84.3,1013.46,100,0.0,0.0,0
438.6,23.2,81.8,1014.38,27,65.3,73.1,0
370.8,29.6,66.7,1020.16,31,63.2,72.0,0
392.0,31.0,61.4,1015.77,15,42.8,104.8,0
302.4,30.1,65.5,1011.45,66,0.0,0.0,0
350.8,28.3,72.4,1013.24,73,0.0,0.0,0
783.5,29.4,77.1,1018.52,69,0.0,0.0,1
703.6,29.0,70.5,1015.99,91,0.0,0.0,1
129.7,23.8,82.0,1018.47,54,33.8,41.9,0
189.1,29.0,71.5,1011.56,18,38.2,96.2,0
267.2,27.5,78.2,1010.76,34,66.6,72.8,0
615.5,26.5,77.0,1010.81,71,0.0,0.0,1
711.2,35.5,90.7,1011.84,66,0.0,0.0,1
559.6,32.0,67.7,1009.53,58,21.7,21.4,1
220.8,25.3,94.8,1014.28,73,0.0,0.0,0
305.4,29.5,70.9,1014.34,69,0.0,0.0,0
503.2,32.6,64.6,1017.94,93,0.0,0.0,1
353.4,24.3,74.2,1007.09,64,34.0,43.9,0
330.0,28.7,98.0,1009.95,83,0.0,0.0,0
332.3,28.8,83.6,1016.07,30,69.8,76.6,0
678.1,24.9,81.1,1013.89,73,0.0,0.0,1
527.8,29.6,82.8,1013.41,95,0.0,0.0,1
341.2,31.6,69.5,1017.67,44,65.3,75.1,0
466.2,32.7,78.8,1009.72,83,0.0,0.0,1
206.3,27.8,76.0,1010.7,77,0.0,0.0,0
305.7,35.5,91.4,1010.29,11,18.1,43.8,1
646.7,22.7,75.1,1006.2,63,14.8,19.4,1
173.8,29.5,72.8,1013.71,18,33.9,96.6,0
530.9,24.5,66.1,1011.42,102,0.0,0.0,1
129.1,28.8,77.2,1010.68,86,0.0,0.0,0
847.1,27.0,78.5,1010.05,16,14.9,40.5,1
302.2,29.9,65.8,1013.19,17,43.3,102.4,0
482.4,28.1,79.9,1010.46,64,17.8,16.7,1
421.2,26.2,78.0,1014.03,39,65.5,71.2,0
428.6,26.4,84.6,1014.86,8,38.5,99.5,0
462.1,33.9,86.3,1012.22,59,11.4,18.5,1
159.4,29.7,76.8,1011.98,44,65.1,67.8,0
432.9,23.7,67.2,1013.9,15,36.9,97.5,0
363.5,30.0,68.9,1013.15,85,0.0,0.0,0
303.0,28.0,91.0,1017.91,97,0.0,0.0,0
267.1,28.5,77.4,1014.36,81,0.0,0.0,0
438.1,30.8,90.8,1017.08,87,0.0,0.0,0
239.8,31.8,80.2,1015.39,27,68.5,71.4,0
641.1,26.1,82.4,1008.64,31,34.4,39.9,1
499.3,28.4,84.0,1011.3,26,38.0,41.6,1
450.9,27.0,65.6,1013.08,82,0.0,0.0,1
628.3,30.2,78.6,1016.29,100,0.0,0.0,1
148.0,27.8,65.5,1020.0,77,0.0,0.0,0
203.1,28.6,73.6,1011.56,93,0.0,0.0,0
509.8,27.7,81.4,1013.44,69,0.0,0.0,1
274.7,28.2,67.3,1016.05,44,66.6,68.9,0
291.8,33.3,80.8,1013.05,48,34.0,43.4,0
189.2,35.2,63.3,1019.0,13,22.4,58.8,1
240.1,29.6,85.7,1008.53,8,39.8,102.0,0
648.0,28.2,70.4,1015.62,75,0.0,0.0,1
504.1,24.0,67.3,1015.59,49,16.5,15.9,1
435.8,26.4,63.8,1017.28,60,35.3,36.9,0
297.4,28.1,71.1,1013.47,61,34.6,40.3,0
422.8,26.5,59.8,1016.37,33,66.0,70.3,0
675.2,26.8,71.3,1012.38,53,15.5,13.4,1
278.0,32.9,85.3,1010.45,52,35.8,42.0,0
391.5,28.6,74.4,1009.93,44,71.8,77.6,0
872.7,28.8,66.0,1008.21,87,0.0,0.0,1
556.1,26.6,77.9,1011.71,50,17.9,21.9,1
299.4,31.8,77.2,1014.34,65,0.0,0.0,0
534.8,27.9,92.6,1012.52,95,0.0,0.0,1
172.5,27.0,82.7,1013.94,92,0.0,0.0,0
384.0,24.1,78.6,1017.57,94,0.0,0.0,0
534.5,28.3,83.7,1011.44,32,38.4,39.0,1
478.2,27.0,74.9,1021.44,8,15.9,36.8,1
532.0,33.2,75.4,1015.89,31,40.4,40.8,1
588.4,33.7,90.1,1012.56,33,30.2,33.5,1
496.2,25.0,62.1,1012.48,96,0.0,0.0,1
489.4,25.4,84.2,1009.72,70,0.0,0.0,1
440.6,27.7,75.1,1013.16,13,43.2,102.8,0
226.7,26.2,73.5,1005.68,19,40.8,100.7,0
647.8,29.1,71.3,1017.65,21,42.1,45.4,1
390.6,27.6,77.3,1003.39,68,0.0,0.0,0
549.5,29.3,75.6,1013.4,79,0.0,0.0,1
616.2,31.3,72.5,1009.25,91,0.0,0.0,1
306.8,25.5,70.0,1010.8,99,0.0,0.0,0
320.0,31.3,59.8,1011.25,25,71.9,78.9,0
341.3,26.5,69.8,1019.99,36,66.1,72.8,0
706.5,34.5,71.6,1009.39,29,31.6,36.5,1
250.9,33.0,77.3,1016.45,41,63.3,71.1,0
765.3,28.2,92.7,1017.31,96,0.0,0.0,1
438.2,25.8,70.8,1005.07,63,32.8,37.8,0
453.3,25.3,67.3,1011.1,79,0.0,0.0,1
603.1,30.9,69.9,1018.45,54,15.1,18.9,1
414.7,28.4,77.3,1008.65,8,43.1,101.7,0
651.3,31.1,81.0,1017.44,11,20.9,49.0,1
306.6,34.7,82.2,1013.19,59,21.5,22.4,1
753.4,26.3,83.0,1013.04,77,0.0,0.0,1
318.2,25.1,84.2,1013.49,27,69.7,75.2,0
767.3,29.0,73.6,1014.45,77,0.0,0.0,1
322.4,31.7,93.5,1009.91,86,0.0,0.0,0
346.0,25.9,73.0,1012.34,46,36.3,36.6,0
236.4,28.6,76.9,1014.55,80,0.0,0.0,0
268.6,32.3,87.0,1013.87,45,33.9,40.4,0
391.6,23.9,80.8,1014.47,73,0.0,0.0,0
446.2,29.2,57.0,1010.73,81,0.0,0.0,0
628.7,27.0,76.0,1015.46,104,0.0,0.0,1
358.1,28.8,83.3,1013.69,40,70.8,75.1,0
221.5,30.5,64.6,1007.72,46,34.7,39.7,0
478.7,29.1,82.4,1011.39,22,39.8,42.9,1
431.9,25.7,79.3,1010.12,25,68.3,74.3,0
503.9,27.1,86.1,1010.07,74,0.0,0.0,1
287.8,32.5,70.1,1011.58,97,0.0,0.0,0
304.4,29.4,84.5,1015.4,44,64.6,69.5,0
287.9,30.9,77.4,1011.06,23,66.1,66.6,0
686.8,29.2,91.0,1014.04,34,36.2,39.1,1
756.9,30.8,98.0,1013.46,51,17.3,18.3,1
298.1,27.4,89.1,1010.52,34,71.6,75.1,0
301.0,26.4,80.1,1012.04,28,73.2,75.3,0
537.5,30.6,95.7,1016.28,79,0.0,0.0,1
797.5,31.7,81.1,1013.77,6,20.8,48.2,1
881.4,25.9,68.3,1015.17,59,20.9,22.2,1
291.6,26.9,75.7,1017.7,84,0.0,0.0,0
327.8,28.0,82.5,1014.77,32,72.9,80.7,0
457.3,33.0,83.0,1006.53,65,0.0,0.0,1
468.0,30.1,66.4,1014.2,72,0.0,0.0,1
364.8,24.8,66.7,1011.09,71,0.0,0.0,0
264.3,28.2,73.1,1019.59,50,33.6,37.7,0
391.9,27.8,80.5,1014.65,40,71.2,74.2,0
880.9,25.2,81.6,1011.16,89,0.0,0.0,1
306.5,28.2,77.2,1015.23,81,0.0,0.0,0
444.0,27.7,68.9,1013.57,37,67.7,73.7,0
1164.0,27.5,90.8,1007.24,15,0.0,0.0,2
304.4,27.4,66.9,1016.27,12,41.4,99.7,0
549.6,32.6,87.1,1011.83,14,19.9,43.6,1
899.3,27.5,82.3,1018.22,63,15.9,16.5,1
527.2,28.6,86.9,1012.81,10,22.7,54.4,1
663.5,28.3,72.2,1018.29,39,37.6,40.8,1
584.9,27.1,74.8,1014.74,80,0.0,0.0,1
507.4,28.7,76.5,1016.66,34,34.1,38.1,1
745.0,28.7,72.0,1011.53,81,0.0,0.0,1
541.4,28.7,77.9,1014.49,80,0.0,0.0,1
366.6,26.1,89.4,1007.21,30,67.3,69.2,0
427.8,27.9,65.0,1012.81,78,0.0,0.0,0
475.6,30.6,70.4,1008.05,80,0.0,0.0,1
326.9,28.0,69.5,1009.25,45,68.7,72.6,0
437.1,29.0,75.2,1010.13,26,64.1,68.1,0
407.5,29.0,74.8,1015.56,57,33.5,36.9,0
540.6,29.7,82.6,1012.73,97,0.0,0.0,1
1016.5,30.1,76.3,1013.36,69,0.0,0.0,2
449.5,28.0,78.6,1012.64,22,72.3,74.9,0
807.3,25.9,79.4,1017.03,73,0.0,0.0,1
531.4,25.1,78.1,1013.26,48,16.9,20.7,1
436.2,31.3,82.0,1014.12,64,34.3,40.6,0
318.0,30.7,75.0,1011.25,78,0.0,0.0,0
437.7,30.3,90.0,1017.27,56,37.2,39.8,0
425.0,30.8,97.6,1017.54,86,0.0,0.0,0
278.5,28.0,82.0,1013.12,77,0.0,0.0,0
300.0,26.8,77.9,1011.2,67,0.0,0.0,0
477.5,25.8,81.3,1007.59,20,35.9,35.6,1
803.4,25.4,66.6,1010.21,89,0.0,0.0,1
385.6,31.9,77.5,1005.67,99,0.0,0.0,0
184.8,27.1,69.8,1010.06,19,41.3,102.1,0
120.9,31.5,80.3,1014.5,54,33.0,39.8,0
234.2,28.0,69.8,1013.07,31,67.3,74.3,0
556.2,26.6,73.1,1021.38,80,0.0,0.0,1
203.0,25.4,60.1,1011.95,77,0.0,0.0,0
598.5,26.9,66.0,1011.68,19,20.5,55.5,1
541.7,32.5,79.0,1016.97,93,0.0,0.0,1
379.3,25.5,68.6,1006.51,23,72.1,77.5,0
279.7,34.4,85.0,1008.06,85,0.0,0.0,1
353.2,26.1,67.9,1015.57,51,36.7,43.6,0
471.9,30.6,79.9,1012.57,38,39.4,40.7,1
206.3,28.1,69.5,1012.65,21,62.6,72.7,0
764.3,27.6,79.3,1009.97,22,39.4,42.9,1
469.8,24.9,63.0,1014.09,71,0.0,0.0,1
495.6,28.2,72.1,1010.42,60,17.0,15.2,1
539.9,25.3,68.8,1013.5,17,17.5,54.2,1
728.7,23.8,83.5,1009.2,16,19.7,51.3,1
438.2,28.8,79.9,1012.61,12,40.0,104.4,0
556.4,26.7,65.5,1020.34,79,0.0,0.0,1
282.0,33.2,74.3,1011.76,76,0.0,0.0,0
883.2,31.3,69.4,1012.79,11,27.7,57.7,1
424.0,33.3,84.1,1012.54,61,35.7,43.3,0
281.3,26.6,86.8,1013.86,13,37.6,95.9,0
318.1,28.9,63.7,1014.89,95,0.0,0.0,0
143.9,21.2,83.0,1014.15,96,0.0,0.0,0
317.1,27.7,69.0,1014.23,75,0.0,0.0,0
106.7,28.8,73.9,1012.62,98,0.0,0.0,0
575.9,28.9,76.3,1013.6,86,0.0,0.0,1
488.4,28.4,91.4,1012.5,88,0.0,0.0,1
241.3,28.7,67.5,1006.91,62,35.9,34.2,0
389.1,21.0,83.1,1022.46,36,65.2,69.6,0
397.6,29.2,66.0,1015.8,27,70.9,73.8,0
217.2,29.9,65.5,1009.82,38,71.9,75.4,0
356.8,32.2,76.2,1014.06,68,0.0,0.0,0
403.6,29.5,76.2,1008.54,22,67.8,72.2,0
352.2,28.1,51.9,1011.52,31,67.8,73.8,0
281.2,31.6,85.9,1008.06,52,37.7,40.4,0
236.8,21.9,57.8,1013.07,28,69.0,78.7,0
346.2,27.1,74.8,1007.72,64,35.1,38.3,0
298.1,26.4,87.3,1014.61,97,0.0,0.0,0
522.9,28.4,94.8,1015.64,80,0.0,0.0,1
750.3,22.3,72.9,1010.36,72,0.0,0.0,1
612.5,32.2,63.8,1013.81,63,14.8,15.9,1
410.1,27.8,87.0,1010.17,54,32.0,39.2,0
286.4,29.4,83.4,1015.04,24,73.2,74.3,0
604.6,29.1,71.8,1010.84,94,0.0,0.0,1
538.0,32.0,70.8,1016.01,30,30.3,32.9,1
725.1,23.3,69.9,1006.91,14,18.6,44.5,1
438.5,28.8,73.1,1009.73,80,0.0,0.0,0
860.6,31.7,78.7,1009.37,23,39.1,40.3,1
438.5,28.2,71.2,1013.96,42,70.5,78.9,0
285.7,25.8,72.3,1015.19,8,41.4,102.5,0
311.9,26.8,81.5,1014.23,19,38.9,97.3,0
511.0,27.4,63.4,1011.47,22,31.8,38.3,1
297.7,26.5,72.8,1003.47,10,42.6,101.2,0
857.7,28.1,61.8,1013.39,71,0.0,0.0,1
490.9,32.7,76.9,1016.01,89,0.0,0.0,1
405.8,26.8,59.5,1022.63,42,68.5,72.2,0
422.4,27.1,83.6,1011.76,92,0.0,0.0,0
350.3,29.8,64.8,1010.92,26,71.8,75.2,0
163.2,28.0,60.9,1014.37,38,69.7,76.8,0
312.1,24.8,72.9,1012.35,20,67.2,67.5,0
806.2,28.3,90.5,1017.71,67,0.0,0.0,1
444.1,28.2,82.0,1010.42,47,35.8,36.0,0
646.1,31.2,59.7,1012.38,66,0.0,0.0,1
655.0,25.8,64.6,1016.32,81,0.0,0.0,1
390.8,31.3,72.6,1014.33,60,31.4,37.1,0
542.3,28.2,95.0,1017.31,68,0.0,0.0,1
171.9,25.4,68.0,1011.72,99,0.0,0.0,0
774.7,24.8,68.1,1017.67,35,32.1,32.1,1
744.3,33.9,89.0,1007.43,41,39.4,39.7,1
504.3,28.1,77.7,1007.57,77,0.0,0.0,1
451.9,31.1,85.0,1017.73,66,0.0,0.0,1
393.4,23.7,69.8,1013.28,23,65.7,71.4,0
682.0,35.9,75.1,1016.47,43,34.4,40.3,1
572.3,31.0,87.2,1013.6,52,18.3,21.5,1
85.3,27.8,74.8,1013.23,47,35.1,40.3,0
332.1,27.6,85.5,1008.6,23,69.8,76.7,0
221.9,30.6,79.3,1013.16,97,0.0,0.0,0
201.4,30.4,67.2,1018.02,81,0.0,0.0,0
678.6,29.0,75.9,1013.45,53,15.4,20.0,1
389.2,28.5,84.3,1015.64,73,0.0,0.0,0
500.3,30.1,81.7,1015.54,95,0.0,0.0,1
413.6,23.6,75.7,1009.71,19,37.1,93.6,0
202.7,27.5,59.9,1016.25,30,73.9,77.5,0
173.8,23.9,60.7,1012.15,59,35.7,42.6,0
321.1,30.2,62.5,1012.34,85,0.0,0.0,0
334.4,26.6,71.7,1020.59,9,35.8,93.4,0
334.3,24.1,72.8,1015.34,103,0.0,0.0,0
339.1,26.3,63.5,1011.02,50,32.7,40.3,0
983.5,28.9,84.7,1013.48,41,0.0,0.0,2
641.4,27.9,65.3,1013.38,34,35.7,34.0,1
447.2,25.2,64.4,1019.15,22,63.2,68.6,0
384.5,23.7,76.8,1013.39,84,0.0,0.0,0
391.1,28.7,84.3,1020.98,101,0.0,0.0,0
562.3,26.9,93.5,1008.71,46,16.0,19.1,1
382.8,27.8,81.0,1013.14,100,0.0,0.0,0
610.3,28.1,89.4,1010.58,87,0.0,0.0,1
470.7,29.7,65.7,1011.52,53,20.1,25.5,1
987.9,30.9,94.4,1011.59,72,0.0,0.0,2
371.7,28.9,60.2,1010.76,48,32.9,38.8,0
663.4,27.6,71.7,1019.31,61,18.1,19.1,1
231.9,28.6,80.8,1018.23,11,40.0,102.1,0
289.9,27.6,62.4,1014.66,75,0.0,0.0,0
923.4,23.9,68.1,1011.59,10,0.0,0.0,2
597.9,31.6,66.8,1010.86,87,0.0,0.0,1
504.6,31.0,73.4,1015.85,87,0.0,0.0,1
1112.4,34.1,88.1,1014.3,29,0.0,0.0,2
387.2,34.9,76.1,1012.74,37,29.2,31.3,1
662.6,25.2,72.1,1015.14,53,16.8,22.2,1
686.2,27.6,51.5,1016.37,65,18.2,21.0,1
825.9,35.5,80.0,1012.71,34,30.7,33.5,1
218.7,28.4,82.7,1010.49,64,33.4,40.0,0
385.9,29.2,61.5,1008.63,35,71.7,74.7,0
466.7,24.2,75.4,1014.13,11,18.2,43.2,1
819.3,28.9,77.6,1020.84,5,13.8,40.8,1
494.9,33.9,84.2,1009.36,15,20.6,54.5,1
686.9,32.1,69.8,1017.1,84,0.0,0.0,1
209.1,26.8,68.6,1010.89,101,0.0,0.0,0
343.3,27.4,72.1,1011.59,48,35.9,37.9,0
743.0,25.3,86.9,1016.45,56,20.5,25.2,1
365.5,26.1,84.9,1012.36,20,40.5,100.9,0
401.4,23.2,75.8,1014.12,60,32.4,41.4,0
813.0,28.3,84.7,1014.05,19,17.7,47.1,1
257.5,32.7,55.9,1010.89,66,0.0,0.0,0
287.6,29.5,82.7,1016.38,98,0.0,0.0,0
198.2,32.3,66.5,1013.03,25,69.9,74.0,0
828.7,31.5,91.0,1008.39,81,0.0,0.0,1
635.7,27.0,67.0,1010.13,7,17.0,42.0,1
628.0,26.4,68.8,1002.34,43,38.5,39.6,1
338.5,26.5,80.8,1013.43,16,39.7,95.1,0
191.0,23.7,81.6,1017.81,40,63.0,70.6,0
165.3,28.6,72.2,1009.58,22,72.0,76.8,0
745.6,21.0,79.2,1015.3,42,28.3,33.9,1
520.8,30.2,80.2,1014.76,47,17.8,21.3,1
569.0,28.7,79.3,1010.62,35,42.6,44.7,1
456.3,29.8,72.6,1018.63,71,0.0,0.0,1
270.6,31.5,80.3,1012.3,97,0.0,0.0,0
346.2,29.1,88.0,1020.29,45,35.6,35.1,0
238.4,33.1,65.6,1007.53,24,65.7,67.9,0
223.9,30.2,68.9,1012.31,32,70.1,73.9,0
610.8,26.4,76.2,1012.72,90,0.0,0.0,1
172.5,27.8,67.0,1013.11,62,35.8,42.9,0
239.2,22.2,60.7,1015.76,51,36.2,42.8,0
356.2,26.0,85.3,1024.0,20,38.7,95.3,0
419.4,27.4,57.1,1014.84,50,34.7,41.7,0
197.0,30.0,72.6,1013.33,33,66.9,67.9,0
170.3,26.4,82.5,1009.41,99,0.0,0.0,0
491.9,25.0,78.3,1006.63,93,0.0,0.0,1
444.0,23.2,72.7,1017.35,13,41.2,102.2,0
739.4,26.8,66.7,1011.34,57,18.5,22.0,1
422.8,34.0,78.9,1022.36,28,34.9,34.4,1
515.9,29.3,67.6,1016.29,46,18.8,17.9,1
278.2,31.1,78.3,1014.45,93,0.0,0.0,0
284.0,26.0,77.2,1014.63,58,33.4,35.7,0
207.2,24.1,77.3,1014.66,38,75.6,77.9,0
279.5,25.1,70.6,1010.82,26,66.5,73.2,0
343.7,28.2,93.3,1007.12,85,0.0,0.0,0
704.1,22.9,79.0,1011.32,67,0.0,0.0,1
259.1,25.7,73.6,1013.19,52,32.7,40.1,0
1009.6,26.9,78.2,1010.98,27,0.0,0.0,2
537.7,24.8,69.4,1008.75,38,28.6,32.9,1
485.8,22.6,72.7,1010.63,101,0.0,0.0,1
407.0,29.3,96.3,1016.88,57,33.5,41.5,0
370.3,28.6,69.5,1015.87,45,34.9,39.2,0
300.2,30.7,75.3,1013.85,57,32.3,36.9,0
193.1,25.4,72.1,1015.3,83,0.0,0.0,0
263.5,30.6,67.2,1009.29,39,72.0,77.4,0
827.8,32.8,79.6,1010.47,23,30.8,33.2,1
522.0,29.2,76.3,1014.34,63,20.1,19.6,1
824.2,26.8,83.7,1009.73,72,0.0,0.0,1
296.4,28.9,82.9,1013.63,76,0.0,0.0,0
235.1,26.7,83.7,1008.83,93,0.0,0.0,0
405.0,26.2,68.2,1007.48,42,71.6,77.2,0
268.3,30.4,81.4,1015.83,13,41.3,103.4,0
446.1,28.1,81.7,1016.84,101,0.0,0.0,0
173.9,31.9,67.3,1011.04,49,33.9,38.5,0
135.7,27.3,73.3,1007.93,67,0.0,0.0,0
476.8,27.5,63.6,1005.52,72,0.0,0.0,1
839.0,26.9,81.7,1019.7,60,16.5,19.1,1
487.0,25.4,81.7,1013.64,26,29.9,33.7,1
519.5,30.8,88.2,1011.12,81,0.0,0.0,1
413.4,34.6,74.1,1011.98,85,0.0,0.0,1
432.5,27.4,79.8,1006.55,60,34.4,39.0,0
188.4,26.6,84.4,1015.42,54,33.7,41.2,0
273.3,26.4,69.6,1020.25,16,37.7,97.7,0
700.6,26.6,68.3,1010.51,13,17.4,47.1,1
225.3,33.1,69.9,1021.59,39,70.7,82.3,0
340.0,26.5,73.0,1012.84,36,63.1,72.4,0
693.8,26.9,68.6,1019.08,100,0.0,0.0,1
426.8,25.0,70.2,1014.33,83,0.0,0.0,0
437.3,29.3,83.5,1014.32,71,0.0,0.0,0
341.3,28.3,75.2,1019.7,57,34.3,37.0,0
556.1,25.3,78.6,1015.99,22,37.8,36.9,1
621.2,26.0,71.3,1014.56,103,0.0,0.0,1
266.0,32.8,70.8,1006.46,43,73.4,81.9,0
197.3,28.6,78.4,1007.97,16,41.4,105.6,0
148.4,28.8,77.1,1014.85,54,32.8,38.6,0
507.5,28.8,82.6,1018.39,92,0.0,0.0,1
480.1,32.4,87.1,1013.7,94,0.0,0.0,1
1149.7,25.6,70.1,1011.18,6,0.0,0.0,2
414.6,27.4,83.3,1006.81,94,0.0,0.0,0
379.3,28.0,66.8,1010.51,32,67.7,76.4,0
453.3,23.7,93.6,1013.71,9,19.0,47.6,1
465.2,25.9,69.3,1010.25,90,0.0,0.0,1
365.2,31.4,81.9,1009.87,91,0.0,0.0,0
270.4,30.6,66.8,1013.07,65,38.8,41.7,0
403.9,31.1,74.7,1018.32,62,35.3,41.3,0
396.6,26.9,89.1,1015.65,86,0.0,0.0,0
393.5,27.2,69.0,1014.25,84,0.0,0.0,0
584.2,23.5,94.7,1013.91,94,0.0,0.0,1
400.4,31.1,76.0,1015.18,60,32.7,35.5,0
199.5,31.6,84.3,1012.86,102,0.0,0.0,0
292.1,31.5,79.4,1011.81,105,0.0,0.0,0
363.0,33.0,79.9,1015.83,17,37.0,90.5,0
409.5,29.7,63.9,1012.46,90,0.0,0.0,0
512.6,32.9,72.0,1009.09,55,13.0,18.2,1
411.1,27.9,86.2,1018.3,44,71.6,80.6,0
137.1,23.6,73.1,1006.71,66,0.0,0.0,0
211.1,30.9,77.2,1018.56,11,38.9,97.8,0
529.5,23.4,62.8,1015.02,56,21.0,19.9,1
358.2,29.0,71.4,1009.86,92,0.0,0.0,0
428.3,31.2,85.5,1013.33,26,69.9,74.3,0
336.4,29.4,65.1,1011.75,48,33.6,39.6,0
291.5,34.9,82.1,1016.08,99,0.0,0.0,1
342.4,23.0,77.5,1016.01,48,38.3,37.4,0
430.7,28.3,74.0,1014.86,41,67.5,69.3,0
398.9,28.5,73.6,1015.86,49,36.5,43.1,0
619.2,24.7,71.8,1012.85,57,19.9,26.6,1
181.0,25.3,72.6,1019.42,68,0.0,0.0,0
193.4,26.1,83.9,1017.53,85,0.0,0.0,0
356.2,25.4,72.3,1011.58,50,36.4,40.0,0
515.4,28.2,91.4,1016.09,87,0.0,0.0,1
569.1,26.8,78.5,1015.78,58,14.8,16.3,1
297.2,29.4,71.1,1012.34,39,63.9,68.5,0
97.5,30.3,84.3,1012.07,71,0.0,0.0,0
302.0,30.1,81.3,1017.5,77,0.0,0.0,0
480.8,27.4,61.9,1013.2,61,14.8,17.5,1
395.3,29.3,67.2,1014.16,11,39.4,103.4,0
524.5,31.4,75.0,1018.15,22,27.9,28.0,1
689.0,29.7,62.5,1022.12,34,31.9,34.2,1
368.2,33.7,93.8,1011.41,33,42.0,44.0,1
318.6,31.3,83.0,1012.48,72,0.0,0.0,0
252.3,33.3,75.9,1013.51,7,40.1,98.0,0
192.9,21.5,73.1,1013.59,81,0.0,0.0,0
168.3,28.8,70.9,1014.57,32,75.7,73.6,0
283.1,27.6,59.3,1011.53,36,68.5,74.4,0
644.1,28.2,61.3,1008.82,58,15.8,15.7,1
548.6,26.2,92.2,1019.39,27,38.9,41.0,1
311.3,29.6,89.4,1015.39,93,0.0,0.0,0
1014.3,23.4,71.1,1011.79,14,0.0,0.0,2
292.7,29.6,83.7,1014.78,49,29.4,36.4,0
720.3,26.3,80.3,1019.67,90,0.0,0.0,1
802.1,27.1,81.3,1010.49,67,0.0,0.0,1
496.4,29.7,63.9,1013.99,34,40.3,44.6,1
281.8,28.7,60.6,1008.39,47,34.3,39.6,0
331.6,31.5,86.1,1012.84,76,0.0,0.0,0
435.7,25.8,59.2,1015.41,102,0.0,0.0,0
195.6,28.3,74.7,1009.35,94,0.0,0.0,0
240.7,31.0,72.9,1012.59,39,68.2,75.9,0
231.0,29.5,72.1,1016.05,105,0.0,0.0,0
514.3,29.7,78.7,1015.31,5,23.4,61.4,1
685.8,31.6,70.2,1009.2,8,22.9,58.4,1
558.9,27.4,79.4,1014.56,87,0.0,0.0,1
631.9,26.8,77.2,1015.21,25,34.8,36.9,1
270.2,30.1,93.8,1013.63,11,41.1,103.6,0
338.9,28.1,64.2,1017.06,29,66.2,71.4,0
351.5,31.6,76.2,1011.19,48,35.3,42.6,0
495.4,29.5,79.7,1014.69,78,0.0,0.0,1
286.9,26.8,73.8,1009.17,67,0.0,0.0,0
613.3,29.4,64.6,1007.65,29,36.8,35.8,1
791.4,26.0,86.7,1015.98,55,15.5,18.4,1
507.5,31.2,78.9,1013.32,98,0.0,0.0,1
331.7,24.6,65.2,1011.63,87,0.0,0.0,0
258.5,31.9,79.7,1009.52,37,65.8,75.2,0
231.2,29.4,90.5,1016.14,103,0.0,0.0,0
137.8,28.0,75.7,1007.97,76,0.0,0.0,0
356.8,30.6,76.0,1016.73,11,38.7,96.8,0
346.9,29.9,89.3,1014.83,9,40.4,97.6,0
595.4,32.2,67.8,1008.15,22,39.2,38.8,1
296.2,32.2,90.7,1013.69,78,0.0,0.0,0
366.6,29.5,84.3,1022.54,23,68.3,72.0,0
456.6,26.1,68.1,1017.41,56,18.1,22.6,1
503.5,27.0,70.3,1010.35,14,21.0,55.0,1
562.9,28.3,71.5,1015.76,97,0.0,0.0,1
435.0,31.5,60.4,1008.29,39,75.9,81.7,0
201.2,27.2,78.2,1008.45,96,0.0,0.0,0
482.6,27.5,68.5,1013.01,99,0.0,0.0,1
285.8,33.7,78.5,1015.18,6,22.6,56.7,1
701.3,28.2,65.0,1016.09,51,16.7,19.8,1
402.5,26.7,83.8,1016.14,7,36.9,90.8,0
447.6,30.7,82.3,1014.98,96,0.0,0.0,0
1196.1,28.3,70.0,1007.6,57,0.0,0.0,2
567.6,24.6,79.1,1013.04,12,21.0,53.7,1
478.4,31.4,76.7,1016.64,16,22.8,60.4,1
371.9,26.4,88.6,1014.8,43,68.1,72.9,0
209.4,28.6,67.2,1013.89,99,0.0,0.0,0
359.0,28.3,74.7,1014.4,74,0.0,0.0,0
257.0,29.1,70.6,1014.34,92,0.0,0.0,0
838.1,22.4,76.4,1006.37,42,37.6,41.6,1
481.4,27.6,80.5,1017.29,9,23.2,52.4,1
689.0,31.6,70.5,1012.86,102,0.0,0.0,1
292.1,32.0,72.9,1015.73,7,39.4,97.9,0
266.2,25.7,84.2,1005.18,100,0.0,0.0,0
541.3,31.1,87.5,1019.06,42,34.8,34.9,1
251.9,26.4,80.2,1009.2,6,37.0,100.9,0
319.5,27.5,74.8,1022.14,74,0.0,0.0,0
857.5,27.6,74.0,1020.67,103,0.0,0.0,1
325.8,28.8,80.7,1008.61,102,0.0,0.0,0
187.9,31.3,77.9,1016.11,21,66.6,72.6,0
154.8,29.2,62.0,1009.69,23,64.4,68.6,0
176.9,28.1,80.9,1011.01,62,38.3,41.2,0
708.5,31.2,68.7,1011.09,69,0.0,0.0,1
301.1,26.3,64.0,1014.82,79,0.0,0.0,0
1177.4,28.3,61.8,1014.39,23,0.0,0.0,2
795.8,31.3,74.2,1009.04,101,0.0,0.0,1
957.1,30.0,67.4,1014.79,69,0.0,0.0,2
639.7,27.2,56.2,1012.54,90,0.0,0.0,1
527.7,24.3,73.0,1006.88,59,19.9,19.2,1
261.5,29.4,71.8,1011.73,46,33.2,41.0,0
397.7,24.1,74.7,1019.06,103,0.0,0.0,0
553.2,27.9,70.7,1011.85,63,16.2,17.7,1
620.8,31.8,91.5,1006.83,92,0.0,0.0,1
219.2,30.2,80.4,1016.1,100,0.0,0.0,0
361.8,22.8,71.8,1010.0,73,0.0,0.0,0
382.4,29.1,75.5,1014.0,60,33.6,40.6,0
375.0,27.6,88.0,1012.65,5,39.8,93.6,0
233.9,24.9,84.1,1019.42,9,37.0,90.2,0
901.9,29.4,64.1,1012.65,25,0.0,0.0,2
355.9,27.1,67.7,1009.24,24,70.9,76.0,0
242.3,27.1,69.4,1011.61,30,68.4,72.7,0
912.8,28.8,72.3,1008.95,35,0.0,0.0,2
796.2,26.7,70.9,1012.52,41,34.8,35.6,1
426.6,28.8,76.3,1019.44,47,37.8,36.9,0
154.2,26.8,82.3,1017.62,15,38.4,97.0,0
314.8,27.0,83.7,1020.39,9,38.7,91.6,0
170.1,31.3,73.2,1014.93,72,0.0,0.0,0
508.9,31.6,62.1,1013.75,59,17.7,23.3,1
304.1,23.7,67.2,1009.76,49,32.1,37.2,0
393.0,30.6,71.6,1014.19,68,0.0,0.0,0
873.2,32.4,65.4,1012.79,88,0.0,0.0,1
293.2,32.9,85.7,1015.98,48,37.6,41.2,0
498.4,30.0,66.0,1009.32,69,0.0,0.0,1
570.8,25.5,81.2,1013.43,100,0.0,0.0,1
697.9,30.3,61.7,1007.74,89,0.0,0.0,1
379.1,26.1,81.6,1014.43,48,36.9,42.7,0
360.0,27.5,74.8,1015.62,69,0.0,0.0,0
355.9,29.6,88.9,1007.57,23,71.1,78.5,0
475.3,26.2,66.4,1008.56,61,16.5,19.9,1
779.8,25.3,71.2,1008.71,103,0.0,0.0,1
347.9,29.8,72.9,1012.63,57,29.1,38.6,0
106.7,33.7,74.7,1008.36,98,0.0,0.0,1
601.6,32.0,73.1,1018.07,46,17.7,14.3,1
411.6,30.5,73.2,1014.78,105,0.0,0.0,0
509.4,31.2,73.1,1015.35,63,18.5,20.5,1
173.3,30.3,58.4,1007.69,9,42.8,105.0,0
304.7,29.8,84.4,1017.78,64,32.8,37.8,0
578.1,31.0,98.0,1015.52,32,33.2,33.2,1
206.0,24.7,78.5,1010.86,8,38.4,95.4,0
497.8,29.1,66.3,1007.85,87,0.0,0.0,1
391.4,28.3,67.2,1012.98,33,66.6,73.5,0
273.4,28.7,81.2,1011.62,85,0.0,0.0,0
262.6,27.2,79.3,1011.76,34,67.2,71.4,0
234.9,30.0,73.6,1010.78,24,66.0,70.8,0
410.5,26.2,82.4,1015.78,102,0.0,0.0,0
434.0,27.0,58.5,1004.15,41,71.2,78.6,0
331.3,26.7,82.4,1018.25,65,0.0,0.0,0
227.8,30.9,78.0,1016.74,66,0.0,0.0,0
491.0,28.5,67.5,1013.99,61,19.1,20.6,1
606.9,27.2,63.8,1012.75,96,0.0,0.0,1
534.1,27.5,77.0,1017.04,72,0.0,0.0,1
976.2,28.5,88.0,1013.1,45,0.0,0.0,2
363.7,33.0,74.1,1012.28,91,0.0,0.0,0
742.7,25.0,68.8,1017.24,23,38.6,38.6,1
286.6,30.4,77.6,1020.58,59,32.6,40.2,0
264.1,29.8,91.5,1009.85,100,0.0,0.0,0
422.9,26.0,79.7,1014.74,68,0.0,0.0,0
823.0,32.6,80.6,1009.45,87,0.0,0.0,1
344.3,30.0,86.4,1015.01,70,0.0,0.0,0
173.2,27.1,80.0,1010.53,89,0.0,0.0,0
601.4,23.3,69.4,1017.49,99,0.0,0.0,1
383.3,29.1,61.2,1012.9,32,72.3,77.1,0
460.1,28.4,68.2,1013.41,22,31.4,34.9,1
270.9,25.6,66.6,1018.96,53,33.7,41.1,0
421.0,25.6,81.6,1010.68,75,0.0,0.0,0
185.8,30.9,82.8,1015.65,28,71.0,75.3,0
908.7,23.0,77.5,1011.03,5,0.0,0.0,2
655.4,29.4,65.2,1017.44,39,36.4,37.4,1
411.8,28.0,91.2,1019.5,102,0.0,0.0,0
593.3,29.9,72.5,1012.33,74,0.0,0.0,1
286.9,27.7,81.1,1005.57,45,35.2,38.4,0
641.3,29.3,76.4,1010.84,24,40.3,41.6,1
336.8,26.4,77.8,1021.76,41,66.1,70.1,0
325.1,28.4,80.8,1011.18,22,72.0,74.7,0
242.8,29.9,70.1,1019.45,16,39.5,98.5,0
488.0,28.9,87.1,1011.13,96,0.0,0.0,1
403.1,29.6,62.6,1011.04,105,0.0,0.0,0
754.3,25.9,67.2,1015.98,21,35.1,33.0,1
229.0,26.8,87.0,1015.56,10,36.7,92.9,0
489.1,26.9,81.0,1016.23,38,41.5,44.6,1
686.3,27.7,97.6,1013.27,51,20.7,25.5,1
1190.9,32.3,76.6,1016.87,25,0.0,0.0,2
437.8,27.5,90.5,1016.62,35,65.4,72.8,0
333.7,25.3,60.2,1017.27,25,67.8,70.8,0
432.4,30.0,64.0,1011.07,82,0.0,0.0,0
725.1,32.3,83.6,1016.87,76,0.0,0.0,1
725.0,25.0,61.2,1011.43,68,0.0,0.0,1
375.7,34.0,74.3,1012.7,44,31.3,33.3,1
718.9,29.7,85.9,1012.63,96,0.0,0.0,1
393.9,31.4,80.3,1009.76,102,0.0,0.0,0
590.2,32.6,76.1,1007.18,22,30.2,35.2,1
516.7,31.2,72.2,1017.53,27,29.1,36.6,1
327.1,28.2,77.7,1010.79,58,32.3,37.2,0
247.2,31.9,80.9,1012.31,14,38.1,93.2,0
695.0,29.2,70.4,1010.69,49,20.6,22.2,1
789.0,31.6,79.2,1012.35,63,15.9,19.6,1
483.5,31.9,85.2,1011.48,57,17.7,16.9,1
393.6,25.4,74.1,1017.73,38,63.9,66.2,0
214.8,30.7,76.6,1011.18,59,31.6,38.7,0
686.4,28.0,80.1,1019.25,101,0.0,0.0,1
456.8,28.9,80.7,1017.24,26,37.5,38.2,1
350.1,28.9,83.5,1011.59,70,0.0,0.0,0
598.2,28.7,67.4,1014.37,9,21.8,43.9,1
195.7,32.8,71.5,1015.07,12,39.5,98.9,0
236.9,24.7,71.8,1016.2,60,33.0,39.6,0
281.8,23.7,68.3,1016.54,15,40.9,98.6,0
508.9,23.1,60.7,1013.9,7,17.5,43.3,1
434.7,31.5,50.0,1009.91,22,71.1,81.5,0
537.9,26.3,86.2,1015.49,61,21.1,24.8,1
663.8,28.9,62.8,1012.42,75,0.0,0.0,1
547.3,28.2,89.3,1003.49,25,40.5,45.8,1
918.3,26.0,82.3,1014.62,72,0.0,0.0,2
663.1,30.9,72.6,1010.68,23,34.4,34.1,1
375.3,28.1,81.2,1011.65,66,0.0,0.0,0
303.7,27.8,79.6,1013.27,46,33.4,43.0,0
380.9,29.2,66.6,1007.81,70,0.0,0.0,0
556.5,30.5,75.9,1013.74,105,0.0,0.0,1
319.9,25.8,67.7,1012.14,99,0.0,0.0,0
563.9,30.9,81.6,1010.18,5,19.8,59.3,1
533.2,32.6,69.9,1013.41,94,0.0,0.0,1
245.4,24.5,75.2,1007.33,12,42.9,104.9,0
657.1,29.3,74.8,1013.51,100,0.0,0.0,1
475.3,27.6,77.0,1014.9,33,29.2,30.3,1
896.3,30.5,90.1,1014.32,43,40.9,44.1,1
394.5,25.1,74.0,1016.01,14,40.8,103.0,0
342.3,33.1,86.4,1017.33,16,40.3,100.3,0
230.1,24.0,80.1,1012.97,78,0.0,0.0,0
228.3,27.8,88.1,1017.08,99,0.0,0.0,0
619.4,29.7,73.1,1012.95,66,0.0,0.0,1
851.9,26.6,81.9,1010.8,77,0.0,0.0,1
378.3,26.1,75.5,1011.88,81,0.0,0.0,0
366.3,29.1,50.6,1014.18,31,69.6,69.9,0
412.2,28.7,66.7,1017.05,10,40.6,102.7,0
678.9,28.5,81.0,1013.26,5,24.3,61.0,1
246.5,30.9,80.4,1010.89,40,65.5,73.3,0
447.1,27.4,65.0,1018.3,29,69.4,76.3,0
626.2,29.4,77.9,1008.23,11,19.8,47.0,1
505.9,27.1,80.3,1010.91,23,32.2,33.8,1
91.9,26.1,75.7,1016.37,17,38.1,98.0,0
548.6,27.7,82.2,1019.43,96,0.0,0.0,1
508.3,27.1,81.0,1014.93,19,22.9,56.0,1
742.3,27.2,75.7,1014.12,59,21.4,25.3,1
818.8,31.8,71.7,1012.23,64,17.8,25.8,1
724.3,27.8,84.9,1015.17,59,22.6,24.2,1
413.3,26.6,79.9,1013.7,15,36.5,93.4,0
169.4,28.6,64.3,1010.61,37,65.1,65.8,0
1019.5,28.8,77.9,1012.17,10,0.0,0.0,2
365.0,25.2,66.2,1010.21,45,67.3,70.1,0
406.9,27.7,67.8,1013.3,24,72.9,80.8,0
846.6,27.6,70.5,1013.82,61,17.5,19.3,1
272.3,28.0,76.4,1018.97,74,0.0,0.0,0
198.6,30.5,79.2,1011.16,58,35.8,40.3,0
320.9,28.9,72.5,1012.62,48,35.9,38.8,0
279.6,31.9,72.9,1017.66,44,67.3,73.3,0
189.2,28.5,71.7,1019.57,89,0.0,0.0,0
382.3,33.5,84.9,1014.91,27,70.7,76.6,0
414.7,27.2,51.7,1012.36,78,0.0,0.0,0
183.8,26.3,73.4,1011.59,81,0.0,0.0,0
341.2,30.0,89.1,1006.8,47,32.6,38.3,0
270.9,32.3,80.4,1010.0,35,70.8,72.0,0
145.1,24.6,86.8,1013.61,52,33.1,39.7,0
421.3,27.9,58.7,1012.62,14,41.1,108.9,0
441.8,26.8,65.4,1015.43,10,37.6,90.9,0
270.9,28.9,80.4,1012.57,16,42.0,100.8,0
654.3,28.5,89.2,1010.71,24,31.2,34.0,1
402.5,32.3,66.3,1014.44,55,35.8,42.6,0
277.3,28.2,72.7,1022.02,90,0.0,0.0,0
178.1,32.3,79.4,1012.14,29,70.8,80.0,0
453.3,27.6,63.7,1013.74,99,0.0,0.0,1
507.7,31.1,80.4,1016.21,100,0.0,0.0,1
312.1,29.1,53.3,1011.25,101,0.0,0.0,0
427.9,33.3,80.2,1017.7,89,0.0,0.0,0
818.8,24.4,67.5,1007.72,41,35.6,36.3,1
605.0,25.2,72.2,1011.82,12,17.6,41.0,1
124.1,33.6,81.5,1012.16,62,16.5,19.2,1
275.7,26.4,79.8,1013.78,61,32.1,43.3,0
373.3,26.6,75.9,1006.35,90,0.0,0.0,0
413.6,26.0,84.2,1017.98,105,0.0,0.0,0
432.4,31.7,61.5,1014.7,56,32.9,39.0,0
492.2,25.0,77.7,1017.18,40,39.3,44.4,1
379.4,28.6,69.3,1018.9,24,64.8,70.3,0
402.0,27.8,83.8,1010.66,5,39.0,101.8,0
620.2,31.4,81.8,1004.52,56,17.9,18.2,1
457.6,26.9,82.1,1017.26,61,19.2,19.7,1
219.0,29.7,90.0,1012.25,87,0.0,0.0,0
420.0,25.2,85.6,1009.28,55,34.0,34.6,0
373.8,34.9,74.7,1015.27,97,0.0,0.0,1
144.6,27.8,76.0,1021.87,68,0.0,0.0,0
430.6,28.5,81.1,1012.87,89,0.0,0.0,0
233.4,33.1,77.2,1016.58,20,39.7,106.5,0
624.6,26.9,82.0,1009.79,91,0.0,0.0,1
488.8,33.2,57.0,1007.35,73,0.0,0.0,1
213.0,27.3,92.0,1016.45,22,71.8,81.4,0
611.0,30.4,76.5,1015.16,24,39.7,45.1,1
748.2,26.9,62.2,1011.62,98,0.0,0.0,1
351.6,24.7,68.2,1019.22,8,45.2,102.1,0
372.7,29.7,57.9,1007.07,51,34.8,38.4,0
582.4,30.3,66.7,1008.94,36,40.1,39.7,1
721.1,24.8,74.8,1011.35,72,0.0,0.0,1
163.7,27.6,88.9,1012.0,89,0.0,0.0,0
225.4,31.9,79.5,1018.38,41,70.8,77.0,0
323.9,30.2,78.0,1013.42,48,34.3,38.0,0
341.4,27.4,66.4,1012.57,103,0.0,0.0,0
574.3,26.8,69.0,1008.8,83,0.0,0.0,1
722.9,34.0,69.7,1017.05,95,0.0,0.0,1
749.2,24.4,70.0,1009.27,49,19.6,22.7,1
161.8,28.3,73.0,1008.79,28,64.4,72.1,0
263.2,24.4,73.7,1011.85,46,38.4,41.8,0
208.3,32.2,73.1,1013.82,77,0.0,0.0,0
294.8,28.5,70.3,1010.73,16,40.8,102.3,0
262.7,29.0,77.1,1015.72,32,70.8,74.4,0
488.1,36.3,73.3,1012.26,10,17.9,46.2,1
516.6,26.8,62.4,1016.93,48,17.3,25.2,1
399.6,33.4,76.3,1015.02,88,0.0,0.0,0
381.3,27.4,75.0,1019.52,7,39.7,98.9,0
330.8,27.8,62.6,1011.7,73,0.0,0.0,0
350.1,35.9,71.0,1016.2,98,0.0,0.0,1
814.3,28.0,81.1,1007.0,29,32.8,35.2,1
553.3,24.7,66.3,1023.37,74,0.0,0.0,1
337.0,29.3,65.4,1016.03,103,0.0,0.0,0
377.7,28.0,73.2,1012.21,101,0.0,0.0,0
493.5,29.5,81.3,1012.34,28,41.7,43.1,1
213.0,28.1,91.4,1012.39,15,42.5,103.7,0
427.1,34.7,81.6,1019.69,20,21.7,54.9,1
538.8,30.1,85.2,1016.39,75,0.0,0.0,1
505.9,25.5,78.9,1011.7,78,0.0,0.0,1
265.8,28.8,70.2,1008.91,72,0.0,0.0,0
290.4,26.3,81.5,1017.44,39,67.8,72.3,0
136.8,27.8,75.3,1016.18,22,70.8,77.2,0
566.2,26.0,79.2,1015.72,63,13.3,17.7,1
982.5,34.4,68.0,1012.96,53,0.0,0.0,2
247.6,26.6,80.0,1012.2,78,0.0,0.0,0
661.3,30.4,75.0,1019.15,49,16.5,25.1,1
939.5,27.6,78.0,1019.47,39,0.0,0.0,2
315.0,25.3,75.3,1015.49,34,66.5,71.7,0
378.0,29.1,73.6,1016.64,26,71.4,76.6,0
450.4,29.6,80.1,1014.08,32,35.9,41.2,1
498.1,30.1,72.5,1008.46,14,22.2,54.7,1
462.2,21.2,62.5,1009.82,40,38.2,37.8,1
327.2,25.0,60.1,1017.26,9,39.2,103.7,0
534.7,31.2,77.6,1017.71,24,42.0,43.8,1
330.9,25.9,72.2,1016.94,80,0.0,0.0,0
477.5,29.1,61.3,1014.46,38,33.6,33.7,1
392.6,25.0,76.9,1017.07,72,0.0,0.0,0
153.8,30.5,75.2,1013.05,77,0.0,0.0,0
708.3,31.1,71.8,1015.42,63,17.2,20.6,1
294.3,30.5,78.1,1012.53,101,0.0,0.0,0
742.6,31.4,87.2,1009.55,7,20.3,53.5,1
648.6,32.9,86.9,1016.28,79,0.0,0.0,1
443.9,25.2,77.2,1017.71,101,0.0,0.0,0
510.6,26.3,75.3,1021.91,91,0.0,0.0,1
540.5,31.0,77.3,1014.17,22,32.9,33.5,1
361.1,31.7,78.6,1009.58,38,69.3,78.1,0
369.6,26.6,73.7,1012.1,22,71.6,75.1,0
527.9,26.4,77.5,1012.77,65,0.0,0.0,1
394.7,26.7,62.6,1013.77,76,0.0,0.0,0
327.7,24.0,76.7,1014.9,37,66.4,72.2,0
267.9,24.9,80.1,1014.52,59,35.8,37.9,0
484.2,25.0,71.8,1015.97,74,0.0,0.0,1
289.5,27.7,75.2,1013.94,47,33.8,38.3,0
595.9,29.3,66.6,1005.46,90,0.0,0.0,1
620.2,29.7,65.4,1014.04,82,0.0,0.0,1
508.7,27.1,77.8,1013.55,11,17.0,39.0,1
560.4,27.1,69.8,1015.18,67,0.0,0.0,1
509.5,28.8,60.9,1011.98,29,40.4,43.4,1
579.7,24.3,66.5,1014.03,61,20.0,24.1,1
567.8,31.2,67.8,1015.2,101,0.0,0.0,1
471.8,32.1,82.6,1012.69,93,0.0,0.0,1
652.6,26.7,77.5,1015.62,45,17.7,16.0,1
367.4,27.4,68.6,1013.5,34,72.3,79.4,0
271.9,32.0,71.0,1013.8,28,67.4,72.4,0
265.1,28.2,87.2,1003.02,58,35.5,38.7,0
341.5,30.1,84.0,1009.25,16,40.8,99.3,0
143.6,28.2,66.5,1009.26,60,34.4,34.4,0
441.8,32.9,85.9,1014.01,5,37.7,95.5,0
544.0,29.9,75.3,1017.7,37,39.8,40.7,1
616.0,30.0,82.8,1012.84,27,34.2,36.8,1
168.9,30.1,74.6,1016.22,102,0.0,0.0,0
269.3,26.9,86.1,1015.52,78,0.0,0.0,0
587.2,27.2,66.1,1013.74,40,28.9,31.9,1
361.8,30.7,73.8,1015.26,14,37.1,93.5,0
538.1,28.9,86.3,1014.11,57,20.9,21.3,1
207.7,25.2,55.7,1012.75,26,66.1,73.7,0
738.3,33.7,75.6,1014.62,59,20.0,23.9,1
199.8,31.2,72.7,1018.31,89,0.0,0.0,0
78.6,28.6,81.8,1014.9,67,0.0,0.0,0
435.6,27.7,85.1,1014.01,68,0.0,0.0,0
441.0,29.1,82.2,1010.18,59,36.3,36.9,0
310.7,29.9,78.0,1018.21,98,0.0,0.0,0
500.1,22.8,76.3,1008.33,98,0.0,0.0,1
506.9,34.4,73.1,1007.28,56,20.2,24.4,1
480.9,26.3,77.8,1014.55,36,29.9,35.9,1
307.9,28.5,88.4,1010.17,51,34.7,36.5,0
279.3,28.6,68.9,1017.06,24,71.0,82.8,0
324.2,34.1,72.6,1007.36,69,0.0,0.0,1
260.9,28.3,75.4,1016.62,55,31.7,39.5,0
667.1,32.9,84.5,1016.12,15,18.4,51.7,1
338.0,29.6,77.9,1013.66,25,72.4,78.4,0
429.6,25.8,84.4,1005.9,53,34.7,35.1,0
586.1,28.9,84.8,1007.22,94,0.0,0.0,1
254.7,28.2,81.0,1014.09,62,33.9,38.7,0
195.7,25.5,67.0,1012.44,73,0.0,0.0,0
261.3,29.5,90.1,1015.8,39,73.6,77.2,0
452.3,28.6,88.0,1013.01,62,18.5,19.8,1
437.6,30.1,76.5,1012.71,50,35.0,37.5,0
480.5,29.0,64.3,1004.76,71,0.0,0.0,1
378.5,26.7,62.7,1016.13,10,38.4,96.8,0
105.8,30.7,78.2,1010.98,54,35.8,40.6,0
372.7,26.8,70.0,1011.86,35,65.4,75.2,0
623.5,21.0,61.4,1009.51,38,34.1,37.8,1
700.7,28.9,62.6,1007.86,101,0.0,0.0,1
416.0,26.9,72.0,1018.4,23,70.3,70.2,0
438.4,29.6,77.7,1016.03,36,70.0,76.2,0
533.3,34.1,87.9,1016.09,56,17.9,20.6,1
691.1,34.2,80.1,1012.49,91,0.0,0.0,1
398.4,28.0,72.8,1007.17,47,31.5,37.9,0
529.8,26.2,79.2,1020.61,79,0.0,0.0,1
301.3,30.1,78.5,1014.73,91,0.0,0.0,0
209.9,27.5,82.3,1013.73,36,72.1,77.3,0
316.9,29.6,75.7,1011.99,44,66.7,72.6,0
767.0,26.6,84.8,1006.09,41,28.9,31.0,1
534.9,29.2,83.0,1017.25,88,0.0,0.0,1
219.6,26.2,76.7,1009.55,9,43.8,105.7,0
546.8,31.8,75.0,1015.16,36,33.6,39.5,1
227.8,26.8,83.8,1015.95,73,0.0,0.0,0
477.3,30.4,69.9,1014.42,62,19.5,19.4,1
249.9,25.0,63.2,1014.89,49,33.3,39.4,0
213.5,30.7,63.1,1017.96,59,34.6,37.6,0
829.0,25.8,69.2,1010.48,25,41.1,46.4,1
337.9,29.2,81.6,1013.83,48,36.3,41.3,0
530.2,31.4,72.4,1012.46,55,18.2,24.2,1
406.4,27.9,77.7,1006.81,95,0.0,0.0,0
236.7,25.6,71.8,1014.25,31,66.2,70.3,0
355.5,29.9,71.9,1017.63,92,0.0,0.0,0
237.7,26.1,67.3,1018.07,69,0.0,0.0,0
1116.2,27.4,75.2,1019.75,7,0.0,0.0,2
575.6,29.2,74.5,1007.04,77,0.0,0.0,1
402.7,32.3,79.5,1018.95,9,42.4,100.2,0
516.8,28.6,78.4,1013.9,105,0.0,0.0,1
558.0,28.6,74.3,1018.85,92,0.0,0.0,1
558.7,30.6,63.2,1011.87,35,40.1,41.4,1
547.3,28.6,85.1,1011.39,31,40.2,43.9,1
527.5,30.3,75.3,1009.0,43,36.0,37.0,1
418.7,31.5,76.7,1015.97,41,69.1,72.4,0
798.0,27.6,89.6,1015.05,42,34.9,36.4,1
431.6,21.0,83.7,1009.34,37,68.1,75.0,0
408.4,26.2,79.8,1005.68,67,0.0,0.0,0
433.4,31.9,76.0,1014.7,21,68.9,73.7,0
448.3,28.4,75.9,1015.1,90,0.0,0.0,0
169.5,27.6,78.0,1009.8,86,0.0,0.0,0
260.0,31.8,79.5,1009.09,53,34.4,41.9,0
378.5,28.2,90.5,1015.55,90,0.0,0.0,0
165.5,22.6,97.0,1019.75,30,71.4,78.8,0
402.4,24.3,78.5,1011.52,7,41.3,102.4,0
445.5,29.7,57.7,1010.17,67,0.0,0.0,0
205.3,28.3,67.9,1014.3,51,37.9,45.2,0
291.1,32.6,91.4,1015.47,62,37.9,43.6,0
714.3,26.4,82.1,1011.97,95,0.0,0.0,1
519.3,27.6,79.6,1020.34,102,0.0,0.0,1
505.2,26.0,74.6,1016.41,68,0.0,0.0,1
672.6,27.0,65.9,1011.92,81,0.0,0.0,1
262.5,23.2,90.3,1007.68,13,40.5,96.6,0
205.6,27.4,69.0,1017.87,21,73.6,80.2,0
629.5,28.4,82.2,1017.42,78,0.0,0.0,1
383.7,28.1,64.9,1012.19,48,36.0,42.0,0
259.1,34.5,74.2,1014.48,50,23.1,22.3,1
988.3,33.6,84.4,1012.72,36,0.0,0.0,2
168.9,26.4,73.9,1015.07,66,0.0,0.0,0
435.8,22.8,72.9,1009.66,24,67.7,67.8,0
362.4,28.2,76.1,1009.16,68,0.0,0.0,0
332.9,29.6,64.6,1016.09,22,70.9,77.2,0
120.0,26.1,63.0,1016.53,11,39.5,96.0,0
793.0,26.2,82.1,1011.53,38,29.9,34.4,1
187.3,32.9,72.4,1010.63,28,66.3,70.1,0
348.7,27.8,82.0,1017.27,94,0.0,0.0,0
320.9,30.4,85.5,1010.75,10,37.1,91.5,0
526.7,25.9,86.2,1013.44,23,39.2,45.2,1
169.8,28.3,62.2,1013.0,60,34.9,37.4,0
496.9,27.6,70.1,1008.12,53,17.3,14.3,1
436.8,26.6,80.6,1013.92,10,42.7,102.7,0
284.2,31.7,80.7,1013.58,6,38.6,92.5,0
488.5,24.6,95.1,1014.51,104,0.0,0.0,1
402.1,29.3,68.3,1013.8,71,0.0,0.0,0
884.4,27.5,85.9,1020.72,42,30.2,32.6,1
362.3,29.7,79.2,1017.32,52,35.3,38.7,0
242.7,27.5,62.1,1013.39,32,72.1,78.8,0
499.2,30.9,71.3,1013.71,39,30.0,34.8,1
340.6,25.9,78.2,1019.42,70,0.0,0.0,0
398.2,31.7,61.5,1016.27,93,0.0,0.0,0
206.4,28.4,58.4,1008.95,23,70.2,77.6,0
530.6,24.8,61.0,1016.57,89,0.0,0.0,1
314.2,30.4,78.2,1017.6,17,41.9,99.8,0
453.0,27.9,71.9,1018.91,26,34.6,36.2,1
992.2,23.7,70.7,1011.84,9,0.0,0.0,2
352.2,29.4,71.0,1011.59,19,37.2,96.1,0
565.3,31.3,63.9,1009.95,97,0.0,0.0,1
364.0,32.1,72.1,1014.33,51,29.9,38.1,0
286.1,27.4,60.5,1015.82,13,42.6,105.3,0
726.3,28.9,86.1,1011.45,101,0.0,0.0,1
145.8,28.6,90.4,1012.75,93,0.0,0.0,0
635.1,32.7,56.2,1006.06,80,0.0,0.0,1
137.5,26.2,72.0,1018.53,98,0.0,0.0,0
603.9,27.2,72.6,1007.77,27,26.5,32.0,1
401.1,26.2,74.5,1014.56,89,0.0,0.0,0
243.0,24.4,84.5,1014.08,74,0.0,0.0,0
324.6,29.2,72.0,1013.41,92,0.0,0.0,0
550.7,33.0,75.2,1013.49,85,0.0,0.0,1
946.1,27.9,98.0,1009.71,40,0.0,0.0,2
173.1,26.0,75.1,1012.1,82,0.0,0.0,0
250.4,29.0,91.0,1016.64,31,68.2,68.0,0
197.4,30.1,80.3,1017.68,38,69.1,75.5,0
362.6,28.1,71.3,1011.78,16,39.5,96.2,0
611.7,32.4,69.9,1007.79,99,0.0,0.0,1
184.5,26.2,75.9,1010.52,34,68.0,73.0,0
396.0,27.7,66.4,1019.73,57,33.7,34.9,0
602.4,29.3,68.7,1010.73,44,31.5,34.6,1
322.3,29.6,72.4,1012.91,101,0.0,0.0,0
438.7,28.6,78.5,1018.21,39,71.7,76.6,0
700.5,24.9,91.5,1011.41,83,0.0,0.0,1
227.9,35.0,71.9,1012.67,91,0.0,0.0,1
153.3,27.8,79.9,1016.03,49,34.5,42.0,0
464.7,28.8,62.2,1019.24,43,35.4,40.3,1
470.9,30.2,85.0,1010.99,80,0.0,0.0,1
311.4,26.7,61.4,1018.12,96,0.0,0.0,0
282.1,28.7,82.8,1012.26,80,0.0,0.0,0
405.1,26.6,75.3,1010.15,28,68.8,71.8,0
225.9,29.7,75.0,1014.12,94,0.0,0.0,0
226.1,27.7,73.4,1009.2,44,72.1,78.3,0
549.0,29.3,64.9,1014.9,63,15.7,20.8,1
218.4,25.6,65.4,1024.0,88,0.0,0.0,0
158.0,26.2,83.1,1017.12,24,73.3,81.0,0
281.8,24.7,76.1,1012.88,83,0.0,0.0,0
315.1,26.5,73.4,1016.93,65,34.0,38.2,0
496.8,21.3,79.8,1009.99,94,0.0,0.0,1
294.0,27.6,76.9,1010.58,22,71.8,73.5,0
757.5,27.0,69.3,1012.98,47,20.1,24.1,1
415.3,28.9,96.9,1013.56,88,0.0,0.0,0
262.9,28.6,82.3,1008.72,7,36.3,92.6,0
486.8,32.0,77.1,1012.18,16,15.1,42.1,1
751.0,35.8,71.6,1012.74,104,0.0,0.0,1
541.8,31.7,84.1,1018.65,33,33.2,37.8,1
179.2,27.2,69.3,1008.72,103,0.0,0.0,0
328.4,27.1,68.6,1008.4,23,69.7,74.1,0
449.6,30.9,90.4,1013.86,41,72.0,78.4,0
531.1,23.8,76.3,1017.28,80,0.0,0.0,1
363.7,27.6,69.5,1015.18,71,0.0,0.0,0
339.3,27.8,76.0,1014.31,63,35.9,37.0,0
881.2,30.1,83.2,1012.24,58,18.5,24.3,1
545.6,30.2,81.3,1015.62,89,0.0,0.0,1
487.5,26.4,84.3,1016.14,28,43.8,44.9,1
300.1,27.3,65.4,1012.35,49,35.7,39.5,0
224.3,29.7,84.1,1009.93,21,67.2,68.7,0
491.6,26.3,74.5,1009.95,65,21.1,21.9,1
574.1,31.9,76.8,1016.33,30,38.2,46.1,1
397.2,30.2,86.3,1007.85,38,69.9,76.4,0
546.3,29.0,82.0,1019.12,52,14.2,20.0,1
553.0,29.6,79.0,1011.65,8,21.8,48.1,1
592.4,27.2,59.1,1014.33,14,23.1,54.2,1
177.7,26.7,75.6,1015.71,74,0.0,0.0,0
333.0,27.3,69.3,1010.86,48,36.0,36.7,0
505.8,29.9,82.0,1011.64,91,0.0,0.0,1
408.2,29.1,84.4,1013.71,74,0.0,0.0,0
553.8,27.3,73.4,1010.26,6,22.7,56.5,1
487.4,30.6,70.3,1009.51,67,0.0,0.0,1
124.0,28.0,89.2,1009.83,14,41.0,98.2,0
660.3,26.6,70.9,1017.48,83,0.0,0.0,1
312.8,29.2,65.8,1014.64,104,0.0,0.0,0
255.3,25.7,68.9,1010.47,58,31.5,37.8,0
649.7,23.8,71.3,1016.3,73,0.0,0.0,1
533.6,28.5,68.7,1010.67,29,36.7,39.4,1
693.5,26.7,83.2,1006.42,49,15.6,17.0,1
452.0,27.8,57.3,1015.69,91,0.0,0.0,1
330.9,25.8,68.5,1019.01,22,64.6,68.4,0
427.2,31.9,75.6,1015.2,32,65.3,64.7,0
233.2,26.6,77.8,1006.64,50,34.2,41.4,0
195.0,27.3,90.4,1013.17,76,0.0,0.0,0
289.1,29.6,89.1,1012.29,43,70.6,75.0,0
793.1,24.6,62.4,1014.57,98,0.0,0.0,1
303.6,24.4,59.8,1010.28,14,39.1,97.1,0
159.6,29.6,76.2,1012.08,42,70.7,78.9,0
368.7,27.3,70.3,1008.28,76,0.0,0.0,0
301.7,26.0,65.9,1014.03,28,65.5,73.4,0
666.0,30.2,76.1,1008.41,71,0.0,0.0,1
765.8,26.2,78.0,1014.78,21,29.0,28.9,1
323.5,27.7,68.9,1010.62,11,37.5,93.7,0
451.8,26.0,70.7,1002.26,17,20.0,46.6,1
470.1,29.3,69.5,1016.03,98,0.0,0.0,1
388.9,32.2,72.5,1014.98,60,39.5,44.4,0
355.2,23.3,80.6,1017.99,85,0.0,0.0,0
246.9,28.8,66.8,1005.93,38,67.8,70.4,0
147.5,30.9,70.6,1010.96,64,30.6,38.6,0
246.2,27.3,72.6,1013.71,54,34.9,40.9,0
382.3,25.3,75.9,1015.25,100,0.0,0.0,0
184.6,29.7,78.3,1008.13,80,0.0,0.0,0
440.5,31.3,93.4,1014.76,78,0.0,0.0,0
412.1,31.0,80.9,1011.25,10,39.7,102.4,0
301.9,29.5,81.1,1006.76,60,31.8,39.8,0
347.8,28.8,73.7,1010.62,52,31.8,38.3,0
200.8,26.0,67.7,1015.05,98,0.0,0.0,0
587.3,30.9,71.5,1006.9,31,35.0,34.4,1
582.5,30.8,70.0,1015.48,32,28.8,34.3,1
218.4,25.3,79.3,1014.24,46,35.9,37.6,0
221.6,29.5,62.0,1012.36,29,73.0,76.7,0
247.8,30.3,81.0,1007.53,18,35.6,96.9,0
517.8,31.0,75.0,1007.81,91,0.0,0.0,1
469.3,28.3,82.2,1011.86,61,20.0,23.4,1
646.2,26.1,69.8,1009.31,91,0.0,0.0,1
681.1,27.1,68.3,1012.08,88,0.0,0.0,1
176.4,25.7,72.5,1016.42,33,69.9,77.1,0
509.0,28.4,72.3,1012.29,60,14.8,20.9,1
668.0,27.8,82.9,1012.2,13,23.9,58.1,1
336.9,34.5,82.8,1012.2,97,0.0,0.0,1
393.7,31.0,92.2,1016.8,45,35.5,40.7,0
365.3,31.2,71.8,1017.78,44,72.8,78.7,0
373.2,29.8,50.0,1014.73,35,68.1,76.9,0
586.3,27.5,72.5,1013.73,51,17.2,21.5,1
865.3,27.7,78.0,1014.05,30,35.9,37.7,1
744.8,28.0,82.1,1018.25,42,35.5,35.7,1
308.9,29.0,78.6,1014.92,85,0.0,0.0,0
452.5,29.6,71.8,1018.58,88,0.0,0.0,1
266.3,28.5,90.6,1011.78,35,65.4,69.5,0
279.9,27.7,67.2,1008.58,52,34.7,40.6,0
385.3,26.8,73.7,1010.91,92,0.0,0.0,0
276.2,24.6,66.8,1011.28,10,40.2,99.7,0
296.7,32.1,76.2,1018.87,94,0.0,0.0,0
447.3,34.7,89.5,1015.83,27,36.6,40.3,1
505.6,31.9,74.8,1011.02,73,0.0,0.0,1
499.1,25.0,74.9,1016.08,63,20.8,23.5,1
501.5,30.7,61.6,1012.8,60,15.0,19.8,1
207.9,31.4,73.6,1018.97,91,0.0,0.0,0
269.3,27.4,85.8,1012.08,15,36.8,93.0,0
405.8,29.9,73.9,1007.86,40,68.6,72.3,0
653.4,27.2,73.3,1012.6,59,18.7,19.5,1
1096.2,32.8,85.4,1012.08,86,0.0,0.0,2
461.3,29.5,73.3,1008.55,27,35.8,35.7,1
559.5,25.9,87.0,1015.3,85,0.0,0.0,1
196.5,30.4,65.1,1018.24,45,68.2,70.4,0
552.3,31.5,81.8,1009.32,24,31.3,33.8,1
952.0,29.1,90.0,1016.65,81,0.0,0.0,2
268.8,29.8,84.6,1011.13,14,39.2,93.0,0
301.5,28.3,60.1,1013.16,56,36.9,40.3,0
595.1,25.3,70.6,1012.8,11,14.5,39.0,1
403.3,28.1,73.9,1013.16,41,68.5,70.7,0
141.5,30.0,84.6,1014.91,65,0.0,0.0,0
310.4,28.1,64.7,1009.67,61,30.7,37.3,0
764.2,30.7,67.3,1017.78,45,21.0,19.5,1
346.5,27.4,62.4,1015.01,48,31.9,39.9,0
346.4,27.6,69.0,1016.17,28,72.4,78.2,0
577.1,30.8,65.4,1010.52,51,17.7,21.3,1
469.2,29.1,89.6,1009.35,100,0.0,0.0,1
337.4,27.3,70.5,1017.39,90,0.0,0.0,0
291.7,31.4,81.9,1009.2,20,43.7,95.3,0
1353.2,26.6,76.2,1013.77,8,0.0,0.0,2
703.2,26.5,76.0,1016.82,98,0.0,0.0,1
501.4,21.0,71.0,1012.81,58,16.8,19.0,1
516.8,26.9,82.5,1017.35,59,15.2,20.0,1
374.3,32.2,77.3,1012.3,83,0.0,0.0,0
466.5,22.7,76.8,1008.78,36,35.2,36.3,1
355.3,25.8,71.0,1014.56,53,36.1,40.0,0
256.8,29.7,72.3,1013.94,102,0.0,0.0,0
475.3,22.2,81.0,1022.66,72,0.0,0.0,1
340.5,27.1,78.0,1009.94,20,68.5,73.7,0
487.2,31.7,77.0,1012.37,18,17.9,43.2,1
531.1,34.2,69.6,1010.69,25,41.1,37.9,1
499.5,29.3,92.5,1012.75,82,0.0,0.0,1
246.6,25.9,71.9,1012.61,35,72.6,76.9,0
322.9,25.8,75.7,1010.2,7,40.0,101.5,0
343.7,28.9,74.4,1014.89,99,0.0,0.0,0
626.4,29.3,92.6,1012.5,22,32.7,32.3,1
610.8,33.7,73.5,1017.96,6,18.4,45.9,1
277.1,31.2,72.8,1010.98,29,73.4,76.1,0
205.5,28.7,77.0,1019.76,29,65.9,74.8,0
1122.0,27.6,70.1,1014.22,47,0.0,0.0,2
490.1,36.5,76.9,1017.7,97,0.0,0.0,1
192.3,30.3,96.2,1013.65,93,0.0,0.0,0
299.1,26.6,78.5,1010.52,51,34.9,40.8,0
639.0,27.9,78.2,1012.33,46,20.6,20.2,1
987.9,26.0,69.9,1008.4,61,0.0,0.0,2
907.9,21.8,90.5,1012.86,29,0.0,0.0,2
480.3,29.4,92.5,1013.85,10,21.7,57.0,1
399.0,33.5,83.2,1013.41,99,0.0,0.0,0
235.2,23.9,81.6,1017.91,24,65.3,71.3,0
415.4,28.7,74.0,1012.73,25,74.1,76.9,0
250.8,26.5,79.3,1006.62,52,34.3,37.9,0
324.4,30.0,68.9,1024.0,54,38.8,42.7,0
594.8,28.0,66.4,1010.83,7,21.9,53.7,1
354.4,24.7,63.4,1016.64,20,39.1,94.0,0
342.9,25.8,79.5,1007.99,43,64.9,73.0,0
388.6,26.2,64.3,1014.11,73,0.0,0.0,0
1204.4,32.3,71.8,1010.47,28,0.0,0.0,2
222.9,32.1,75.5,1003.37,47,33.4,38.8,0
456.2,27.6,84.5,1012.26,61,21.6,23.0,1
868.4,31.9,71.1,1013.07,94,0.0,0.0,1
388.0,28.0,85.5,1012.48,38,69.7,80.0,0
696.9,27.6,84.0,1014.1,18,16.7,47.8,1
198.7,28.7,66.9,1012.31,54,33.8,38.0,0
360.1,29.3,85.5,1013.49,80,0.0,0.0,0
264.0,26.9,73.6,1013.85,16,41.3,95.3,0
386.0,28.6,71.8,1013.13,47,35.1,39.4,0
390.0,30.7,73.6,1012.65,7,38.5,92.0,0
409.8,28.9,76.0,1010.12,8,39.3,102.8,0
592.2,28.6,72.5,1015.33,53,14.3,18.6,1
117.7,29.9,68.9,1012.26,35,69.8,74.2,0
292.6,30.4,69.6,1011.98,90,0.0,0.0,0
441.3,28.3,77.2,1015.04,65,0.0,0.0,0
145.0,27.2,74.6,1013.99,50,36.3,43.2,0
534.3,29.0,80.5,1010.81,46,12.6,16.3,1
289.9,24.0,76.4,1017.63,55,38.0,42.7,0
363.4,27.9,76.7,1009.09,9,39.1,97.3,0
605.1,21.6,81.0,1009.64,94,0.0,0.0,1
712.2,23.8,88.1,1015.59,105,0.0,0.0,1
542.1,23.4,88.4,1019.38,23,39.2,41.4,1
219.7,31.4,87.4,1011.23,17,37.9,96.4,0
529.2,28.5,83.4,1014.69,19,20.6,51.0,1
546.2,25.0,93.7,1009.08,71,0.0,0.0,1
495.7,29.9,79.7,1010.0,71,0.0,0.0,1
768.1,31.3,78.8,1017.21,90,0.0,0.0,1
415.0,29.9,95.1,1014.53,80,0.0,0.0,0
753.8,28.0,52.8,1017.32,50,19.0,23.2,1
751.6,29.2,74.2,1017.05,66,0.0,0.0,1
553.6,31.0,86.6,1005.94,74,0.0,0.0,1
459.7,27.2,84.3,1009.06,56,18.8,20.4,1
497.1,28.6,97.8,1014.21,53,19.6,20.8,1
848.3,27.8,76.9,1007.31,70,0.0,0.0,1
653.0,24.0,72.3,1009.56,61,15.7,19.4,1
232.8,31.1,73.2,1018.24,69,0.0,0.0,0
482.2,34.3,78.7,1011.35,66,0.0,0.0,1
257.4,26.1,89.8,1015.74,77,0.0,0.0,0
285.6,31.2,89.9,1013.15,69,0.0,0.0,0
330.7,26.1,75.5,1010.87,57,32.2,42.0,0
189.3,28.9,78.2,1007.43,73,0.0,0.0,0
249.1,32.7,70.8,1014.07,50,32.5,36.9,0
788.4,27.0,71.7,1018.34,29,38.5,38.2,1
284.8,28.5,84.9,1010.97,5,40.3,100.1,0
593.8,23.5,89.6,1013.49,61,15.7,16.4,1
433.1,26.6,70.1,1007.93,64,34.1,37.7,0
518.2,23.2,78.1,1010.9,102,0.0,0.0,1
528.8,29.7,73.9,1014.44,41,30.9,33.3,1
243.7,30.8,83.3,1015.85,44,70.6,78.1,0
592.1,27.9,72.7,1015.2,25,28.8,30.0,1
208.5,29.3,59.6,1006.14,12,42.3,104.5,0
279.0,27.6,84.5,1011.65,82,0.0,0.0,0
525.1,30.6,73.4,1009.86,30,30.5,36.3,1
235.9,28.9,74.3,1012.17,66,0.0,0.0,0
138.1,22.9,79.7,1012.86,74,0.0,0.0,0
471.4,31.1,79.0,1016.98,52,18.2,23.3,1
173.0,27.4,79.9,1014.28,93,0.0,0.0,0
548.9,24.9,62.1,1018.21,49,18.5,18.8,1
342.5,27.3,80.7,1010.8,33,70.9,77.0,0
468.1,23.2,59.8,1008.29,95,0.0,0.0,1
464.0,25.0,82.5,1018.34,91,0.0,0.0,1
568.5,28.9,85.5,1014.77,21,38.6,45.4,1
532.5,29.1,64.4,1010.65,8,20.3,44.6,1
234.8,29.4,78.8,1014.78,14,36.4,99.3,0
352.7,28.5,85.0,1016.17,34,67.9,71.5,0
467.9,26.6,72.2,1013.67,102,0.0,0.0,1
760.4,28.3,81.7,1010.7,61,17.0,21.6,1
534.8,27.3,52.3,1011.71,42,39.0,44.3,1
728.6,23.9,85.3,1014.27,94,0.0,0.0,1
479.7,26.3,76.3,1013.95,50,16.8,21.9,1
658.5,31.0,73.8,1017.49,37,28.2,31.7,1
449.4,32.9,84.4,1012.28,99,0.0,0.0,0
645.6,30.3,90.7,1009.88,90,0.0,0.0,1
334.0,32.8,80.1,1022.27,89,0.0,0.0,0
802.7,28.7,89.7,1013.86,56,21.9,23.2,1
505.6,33.4,62.8,1016.17,84,0.0,0.0,1
189.9,34.3,81.7,1015.08,23,32.9,39.6,1
475.4,23.6,74.9,1013.9,62,14.7,21.1,1
535.7,29.1,69.3,1012.45,103,0.0,0.0,1
601.9,28.7,59.6,1003.44,34,31.2,35.5,1
938.0,27.3,81.2,1009.53,84,0.0,0.0,2
308.4,29.9,83.4,1014.4,54,32.7,38.4,0
941.0,28.6,87.4,1003.73,9,0.0,0.0,2
399.1,26.4,86.0,1013.5,81,0.0,0.0,0
272.3,28.4,69.4,1015.56,22,68.8,71.5,0
311.7,31.9,87.0,1016.17,68,0.0,0.0,0
520.5,29.0,87.9,1015.34,14,19.9,48.8,1
252.9,30.3,73.8,1016.6,100,0.0,0.0,0
336.8,27.7,76.2,1018.87,34,70.5,75.8,0
469.7,29.8,68.1,1017.09,28,36.2,34.4,1
799.7,25.1,88.6,1013.94,18,23.1,48.6,1
593.7,27.1,63.1,1012.78,100,0.0,0.0,1
406.9,28.2,80.5,1013.65,76,0.0,0.0,0
519.4,24.9,70.9,1012.29,79,0.0,0.0,1
447.7,26.2,66.6,1017.16,55,36.2,40.8,0
218.1,29.4,60.1,1015.25,52,33.4,39.2,0
867.3,28.9,74.2,1011.92,16,22.2,56.1,1
805.9,30.8,65.3,1017.88,61,22.3,19.6,1
384.1,26.8,76.5,1012.23,30,67.9,75.2,0
317.2,28.7,91.0,1009.94,103,0.0,0.0,0
220.6,26.6,77.7,1013.21,85,0.0,0.0,0
535.0,30.5,93.0,1010.37,46,15.7,17.5,1
536.7,31.8,67.7,1016.53,20,28.2,31.5,1
263.4,29.9,65.1,1010.29,84,0.0,0.0,0
450.3,31.5,67.3,1012.85,17,22.9,50.3,1
584.9,28.6,75.4,1016.54,24,37.2,39.7,1
306.7,30.8,98.0,1010.76,26,70.8,77.2,0
361.3,28.7,61.9,1014.69,61,33.2,41.6,0
359.6,25.6,81.3,1009.84,84,0.0,0.0,0
271.7,29.2,70.1,1014.11,36,64.5,70.8,0
364.9,25.7,74.1,1015.24,13,36.3,95.7,0
174.6,35.0,65.3,1013.1,51,18.9,22.6,1
350.6,27.6,83.5,1013.37,80,0.0,0.0,0
353.2,30.3,75.6,1014.8,27,73.3,74.7,0
386.4,28.5,85.2,1012.27,27,71.2,74.9,0
500.9,25.0,77.5,1016.36,100,0.0,0.0,1
211.9,23.2,59.6,1018.05,100,0.0,0.0,0
231.6,30.6,85.3,1010.01,104,0.0,0.0,0
268.3,32.8,58.9,1019.43,86,0.0,0.0,0
201.2,26.4,60.1,1012.19,24,66.6,71.8,0
528.3,23.9,68.2,1020.23,26,32.0,33.3,1
300.2,27.6,68.3,1012.24,39,74.1,76.7,0
392.2,25.9,87.9,1015.73,37,68.5,75.5,0
257.3,26.7,74.5,1015.71,101,0.0,0.0,0
332.6,30.2,86.6,1011.89,84,0.0,0.0,0
460.7,28.4,71.2,1013.5,77,0.0,0.0,1
471.4,26.2,78.7,1018.29,24,32.9,37.9,1
236.4,30.1,80.0,1012.12,96,0.0,0.0,0
382.8,30.4,81.9,1011.79,88,0.0,0.0,0
259.4,27.6,72.0,1009.21,21,70.8,73.0,0
376.0,28.9,72.8,1018.74,92,0.0,0.0,0
288.1,30.0,73.5,1011.57,32,74.3,82.0,0
894.3,29.7,62.0,1017.45,13,21.4,55.9,1
583.2,28.6,75.3,1011.15,71,0.0,0.0,1
481.2,32.5,72.7,1017.34,70,0.0,0.0,1
346.5,30.1,80.9,1016.07,14,40.1,93.7,0
591.3,27.2,76.8,1012.45,37,41.3,43.7,1
388.2,27.3,87.4,1010.68,104,0.0,0.0,0
849.7,26.9,76.6,1010.96,73,0.0,0.0,1
619.7,30.3,71.2,1010.92,78,0.0,0.0,1
331.4,26.8,76.5,1016.98,26,73.2,74.0,0
802.6,27.3,82.2,1013.81,13,17.2,51.9,1
347.4,31.5,60.9,1009.35,33,67.0,73.4,0
919.8,29.0,69.9,1012.37,30,0.0,0.0,2
823.4,31.9,70.1,1012.79,28,42.6,40.3,1
459.5,30.7,79.5,1005.76,24,30.9,28.5,1
177.8,25.2,80.5,1012.56,62,36.1,40.4,0
442.5,28.2,76.9,1015.78,38,72.3,72.7,0
224.7,31.3,54.9,1012.77,87,0.0,0.0,0
292.4,25.1,62.0,1014.14,23,66.4,70.6,0
303.1,29.7,74.0,1014.95,51,34.1,42.0,0
223.7,28.4,71.7,1012.05,6,40.6,90.3,0
443.3,23.6,76.0,1015.81,53,32.7,40.0,0
275.9,28.8,72.0,1018.35,11,35.2,91.9,0
355.1,26.2,89.0,1007.92,103,0.0,0.0,0
304.4,25.2,56.5,1012.04,84,0.0,0.0,0
501.9,28.5,78.6,1021.4,54,12.0,16.7,1
484.6,23.1,83.0,1013.85,14,17.1,44.6,1
341.5,26.6,82.0,1013.13,64,35.1,43.2,0
513.9,35.6,82.7,1012.35,81,0.0,0.0,1
698.5,30.3,83.9,1017.71,24,42.5,45.7,1
128.7,26.0,70.9,1009.96,62,35.9,39.8,0
296.0,32.4,66.6,1016.49,86,0.0,0.0,0
245.3,25.7,58.7,1012.28,82,0.0,0.0,0
283.3,26.9,72.9,1010.63,85,0.0,0.0,0
118.2,25.3,69.4,1012.44,93,0.0,0.0,0
126.3,29.2,85.9,1013.09,99,0.0,0.0,0
89.8,32.3,73.6,1011.51,46,32.6,34.3,0
309.4,25.7,67.2,1017.14,62,35.7,41.4,0
305.1,22.7,65.9,1010.65,84,0.0,0.0,0
746.9,31.6,92.9,1013.74,75,0.0,0.0,1
426.7,32.9,75.8,1015.13,105,0.0,0.0,0
125.6,22.9,69.4,1013.7,6,38.0,95.7,0
507.6,29.8,77.1,1015.95,41,37.3,43.0,1
1450.0,29.1,92.1,1011.73,33,0.0,0.0,2
128.9,26.3,72.7,1015.43,31,68.2,76.4,0
856.7,24.6,81.8,1015.53,27,34.5,35.5,1
389.5,31.3,86.1,1016.64,76,0.0,0.0,0
321.7,29.0,59.9,1006.65,13,39.1,102.6,0
298.3,29.2,70.6,1015.03,79,0.0,0.0,0
466.9,26.8,85.0,1016.4,74,0.0,0.0,1
323.1,26.3,70.1,1011.81,30,73.2,75.4,0
220.6,21.6,79.5,1011.33,30,76.1,75.9,0
303.7,27.9,69.6,1010.8,68,0.0,0.0,0
473.3,32.5,72.2,1009.64,81,0.0,0.0,1
550.5,26.0,71.2,1015.58,93,0.0,0.0,1
900.0,24.2,81.4,1021.24,90,0.0,0.0,1
417.9,29.7,77.7,1011.3,101,0.0,0.0,0
718.6,30.2,76.8,1011.62,63,20.6,22.6,1
361.6,26.9,97.3,1013.3,96,0.0,0.0,0
385.9,27.5,90.8,1007.64,86,0.0,0.0,0
376.1,29.2,59.2,1010.82,94,0.0,0.0,0
442.1,28.1,72.2,1013.05,6,42.0,102.1,0
597.7,31.3,96.6,1010.12,102,0.0,0.0,1
316.6,35.3,71.1,1017.44,52,13.1,15.2,1
251.7,23.7,93.7,1008.72,85,0.0,0.0,0
620.8,31.9,72.4,1016.4,18,19.7,45.1,1
599.5,28.8,74.0,1018.39,45,32.4,36.8,1
773.4,32.4,83.3,1014.59,32,41.8,43.1,1
293.0,30.5,75.2,1012.77,34,70.2,73.9,0
355.3,28.7,80.2,1014.11,17,43.2,106.3,0
632.1,30.6,89.4,1011.71,86,0.0,0.0,1
314.8,27.4,82.4,1006.12,6,36.9,97.8,0
539.3,26.3,77.2,1009.82,36,31.9,33.0,1
362.4,30.8,90.2,1013.21,22,69.7,77.8,0
465.7,26.1,83.5,1009.96,64,12.0,17.0,1
218.5,30.3,69.8,1011.8,30,66.9,74.5,0
415.3,28.6,92.8,1014.93,31,72.9,77.2,0
79.6,22.0,81.5,1013.76,54,33.6,42.0,0
691.7,26.9,74.2,1016.95,70,0.0,0.0,1
573.7,29.4,58.8,1014.28,17,18.5,46.9,1
243.6,27.4,64.3,1014.49,23,68.2,72.7,0
864.5,21.4,90.5,1010.76,30,31.3,34.0,1
671.3,32.2,90.8,1008.59,102,0.0,0.0,1
223.6,29.0,76.7,1011.8,45,69.4,74.7,0
304.7,29.7,61.0,1010.7,65,32.6,39.2,0
229.7,27.2,66.8,1012.67,29,63.4,67.9,0
472.0,30.0,62.2,1009.52,54,15.7,16.8,1
298.2,33.6,61.9,1016.2,12,25.7,58.7,1
142.1,26.4,93.2,1010.69,8,37.2,92.7,0
385.1,33.2,93.5,1011.98,52,31.4,37.4,0
608.9,29.6,66.5,1013.18,45,40.1,42.2,1
419.4,26.1,75.9,1017.18,19,40.5,91.2,0
515.9,34.7,65.1,1019.41,74,0.0,0.0,1
438.9,29.6,75.9,1019.65,104,0.0,0.0,0
562.3,30.4,89.9,1008.76,45,39.6,44.0,1
458.0,27.7,85.2,1011.94,67,0.0,0.0,1
374.9,26.3,82.9,1011.28,101,0.0,0.0,0
416.9,29.0,74.3,1014.55,88,0.0,0.0,0
787.5,32.9,86.7,1014.33,51,20.9,21.7,1
530.0,27.6,81.5,1011.21,79,0.0,0.0,1
243.2,28.4,79.4,1010.93,18,38.4,98.8,0
413.7,32.6,75.0,1009.76,56,36.6,37.3,0
467.9,27.7,78.7,1003.96,33,33.2,37.9,1
368.8,29.9,78.5,1008.71,21,66.4,71.1,0
142.4,31.0,71.4,1016.28,48,35.0,38.1,0
255.6,27.9,69.4,1018.38,18,38.8,97.6,0
323.5,29.4,67.5,1017.97,75,0.0,0.0,0
913.9,30.4,68.1,1016.43,51,0.0,0.0,2
502.4,27.4,74.4,1009.71,58,20.6,18.0,1
174.8,30.8,73.0,1009.12,20,39.2,100.2,0
380.3,27.0,70.7,1006.91,19,41.4,103.2,0
727.6,26.6,70.1,1011.21,63,17.9,20.1,1
296.1,24.2,78.5,1013.55,104,0.0,0.0,0
643.7,27.1,87.7,1009.72,15,19.6,43.8,1
177.5,26.2,75.9,1014.76,34,65.9,72.2,0
86.0,27.4,75.4,1015.53,92,0.0,0.0,0
690.1,30.2,68.1,1011.59,12,19.9,43.3,1
315.3,23.7,74.1,1008.56,93,0.0,0.0,0
145.6,23.0,86.1,1018.08,57,33.9,39.8,0
327.7,26.4,84.8,1013.37,46,32.8,38.3,0
437.0,29.8,84.2,1020.04,36,75.2,77.0,0
493.9,29.3,84.0,1013.57,35,42.3,44.4,1
103.0,26.4,79.7,1013.82,36,74.2,76.5,0
284.7,31.8,79.4,1009.87,93,0.0,0.0,0
410.0,26.7,78.1,1011.77,77,0.0,0.0,0
493.3,29.8,72.5,1007.79,72,0.0,0.0,1
241.8,27.5,76.7,1008.55,85,0.0,0.0,0
359.4,26.1,77.8,1015.84,31,68.7,75.1,0
295.7,26.8,81.4,1012.26,67,0.0,0.0,0
444.1,30.6,76.9,1011.77,51,31.0,35.9,0
678.0,29.5,93.9,1010.66,83,0.0,0.0,1
336.6,31.2,65.7,1011.9,36,65.5,70.3,0
192.9,29.5,82.4,1017.22,69,0.0,0.0,0
277.1,24.0,75.6,1013.75,93,0.0,0.0,0
860.3,34.4,76.0,1009.12,45,19.1,23.0,1
256.1,29.6,69.1,1016.86,12,43.8,104.9,0
212.0,29.9,84.7,1019.29,57,37.0,39.2,0
326.5,27.4,81.5,1014.98,40,66.6,71.2,0
380.4,31.6,83.1,1016.37,72,0.0,0.0,0
304.7,25.4,77.4,1017.52,100,0.0,0.0,0
178.0,30.2,73.2,1007.45,54,35.4,38.0,0
465.2,22.7,75.4,1019.77,52,21.5,23.2,1
444.3,30.4,79.7,1017.1,70,0.0,0.0,0
552.3,25.5,59.0,1014.96,15,18.6,49.1,1
439.5,29.3,83.4,1012.81,30,70.0,77.6,0
825.4,32.3,96.6,1008.57,97,0.0,0.0,1
573.2,30.8,80.1,1012.09,72,0.0,0.0,1
518.2,31.9,73.6,1014.82,6,16.5,43.4,1
690.1,31.6,74.6,1009.38,25,32.5,37.2,1
426.5,27.0,82.0,1013.01,73,0.0,0.0,0
363.2,30.2,73.8,1009.11,81,0.0,0.0,0
462.6,23.7,83.4,1011.9,89,0.0,0.0,1
139.0,26.6,74.5,1008.52,34,69.8,74.9,0
427.2,32.4,90.6,1008.15,98,0.0,0.0,0
380.2,27.4,90.3,1014.44,60,32.0,41.0,0
487.1,23.3,73.2,1011.22,75,0.0,0.0,1
644.6,34.1,75.3,1011.55,65,14.2,20.5,1
525.5,30.1,75.8,1011.03,17,17.4,42.8,1
277.5,30.6,75.9,1022.78,101,0.0,0.0,0
594.1,25.8,67.9,1015.38,17,19.8,53.3,1
831.3,29.3,66.8,1015.75,30,41.3,46.3,1
652.7,29.2,86.6,1010.54,86,0.0,0.0,1
201.6,26.2,85.3,1015.02,67,0.0,0.0,0
522.8,28.0,85.1,1012.45,89,0.0,0.0,1
216.8,24.3,75.4,1010.51,57,31.6,35.4,0
345.8,27.5,92.1,1020.0,43,69.2,73.5,0
480.2,31.2,75.8,1015.25,97,0.0,0.0,1
449.9,26.4,83.3,1015.08,9,38.0,95.8,0
646.6,33.8,64.2,1009.85,91,0.0,0.0,1
833.2,24.5,74.0,1008.8,28,33.3,38.0,1
503.6,27.8,74.7,1013.05,90,0.0,0.0,1
332.8,26.7,75.4,1011.24,19,37.1,96.1,0
142.3,28.0,64.7,1015.39,63,34.1,39.2,0
725.4,32.3,82.0,1015.63,94,0.0,0.0,1
381.2,25.7,84.7,1013.48,52,33.3,39.1,0
391.0,27.2,69.7,1016.15,80,0.0,0.0,0
406.5,30.3,66.2,1013.93,85,0.0,0.0,0
492.4,28.8,69.5,1010.2,79,0.0,0.0,1
499.5,29.0,80.2,1012.56,98,0.0,0.0,1
348.5,25.8,70.9,1013.73,50,35.2,40.8,0
379.3,28.3,74.9,1016.5,22,70.8,73.4,0
293.2,31.7,66.9,1014.04,10,41.7,96.9,0
277.4,24.0,92.8,1011.25,30,70.0,78.6,0
276.7,26.5,76.6,1016.63,19,37.4,98.3,0
377.1,23.4,85.8,1014.58,61,34.7,40.3,0
250.6,30.0,80.2,1018.66,23,66.6,71.4,0
82.9,31.9,75.6,1013.56,9,42.4,100.7,0
330.0,28.0,75.2,1009.62,9,41.9,98.7,0
207.9,25.7,69.8,1017.37,88,0.0,0.0,0
420.2,25.8,72.2,1011.23,64,33.1,38.3,0
292.6,27.7,67.4,1014.28,41,72.6,73.2,0
495.4,27.7,66.5,1013.9,94,0.0,0.0,1
217.7,31.1,93.7,1013.41,12,36.4,92.0,0
155.6,26.6,78.4,1012.66,103,0.0,0.0,0
379.8,29.7,88.5,1007.47,67,0.0,0.0,0
323.1,27.6,69.3,1009.74,23,69.6,76.5,0
198.9,26.4,65.4,1017.18,73,0.0,0.0,0
573.4,27.6,67.7,1014.75,81,0.0,0.0,1
236.7,29.4,72.4,1019.93,48,31.5,36.6,0
270.8,31.1,76.3,1009.62,91,0.0,0.0,0
626.2,27.8,74.7,1013.14,20,35.7,38.2,1
509.3,25.1,69.4,1017.32,33,40.6,45.5,1
223.9,31.3,76.7,1011.27,14,39.5,102.1,0
337.5,26.0,77.5,1011.55,26,70.8,77.5,0
212.7,29.2,82.0,1012.22,29,66.9,75.8,0
604.2,28.4,88.5,1011.69,97,0.0,0.0,1
604.0,28.1,72.9,1015.11,13,22.8,57.7,1
893.2,27.1,86.3,1007.02,48,19.2,20.4,1
1063.0,30.2,76.6,1019.0,58,0.0,0.0,2
290.9,21.0,63.0,1009.89,95,0.0,0.0,0
557.3,31.7,91.2,1005.84,105,0.0,0.0,1
144.5,25.9,95.3,1013.21,80,0.0,0.0,0
435.9,29.6,81.3,1011.93,102,0.0,0.0,0
488.4,29.5,76.8,1012.63,84,0.0,0.0,1
243.2,32.1,73.7,1014.34,101,0.0,0.0,0
281.9,29.1,72.1,1015.51,76,0.0,0.0,0
606.0,26.2,86.3,1019.15,13,21.7,59.3,1
494.3,24.0,75.9,1010.83,45,19.8,18.8,1
837.2,27.5,90.2,1015.96,70,0.0,0.0,1
789.7,23.0,76.3,1015.73,40,30.0,30.5,1
164.3,26.7,72.5,1004.01,32,71.5,75.0,0
305.4,27.7,70.9,1010.33,63,35.7,35.2,0
230.6,26.6,69.7,1008.75,98,0.0,0.0,0
568.6,28.6,80.4,1014.82,8,15.2,43.3,1
456.9,27.8,65.0,1014.43,82,0.0,0.0,1
238.5,27.6,69.0,1014.5,77,0.0,0.0,0
257.5,21.7,87.3,1012.18,101,0.0,0.0,0
704.7,24.9,67.9,1012.53,98,0.0,0.0,1
322.8,30.3,83.3,1013.15,81,0.0,0.0,0
133.2,30.8,58.5,1011.85,57,33.9,36.3,0
228.0,23.4,88.3,1015.97,25,69.7,77.3,0
922.4,26.2,65.2,1009.51,60,0.0,0.0,2
635.1,31.5,68.6,1010.51,82,0.0,0.0,1
205.9,26.5,81.8,1013.67,95,0.0,0.0,0
435.8,28.2,78.3,1011.96,84,0.0,0.0,0
616.1,32.5,83.6,1009.37,25,32.1,35.3,1
163.2,27.5,65.1,1015.11,65,29.7,34.6,0
649.4,27.1,73.6,1011.25,38,38.5,38.8,1
492.1,28.1,70.8,1010.29,6,24.0,60.2,1
273.6,33.7,66.6,1012.64,25,31.0,30.1,1
530.3,29.7,81.1,1010.12,16,24.7,55.2,1
460.0,28.6,84.0,1013.13,89,0.0,0.0,1
475.4,27.0,73.1,1011.99,31,37.0,36.7,1
428.1,30.0,88.9,1011.46,33,68.1,73.8,0
252.8,30.3,69.3,1011.48,101,0.0,0.0,0
276.7,25.5,88.7,1016.73,43,66.8,75.7,0
353.8,30.4,80.8,1014.54,6,41.4,105.5,0
407.4,28.1,65.6,1007.27,33,67.5,73.7,0
545.5,28.6,92.8,1016.34,17,19.8,50.1,1
933.2,26.0,72.2,1015.06,15,0.0,0.0,2
445.6,27.4,86.2,1014.85,13,40.6,99.0,0
540.8,25.6,77.2,1016.36,64,20.5,22.7,1
600.9,25.5,79.2,1013.3,24,35.5,35.6,1
559.4,29.6,83.7,1015.42,41,33.4,31.4,1
248.0,27.5,83.2,1011.62,91,0.0,0.0,0
736.7,24.9,73.1,1016.22,47,16.4,20.1,1
681.3,34.6,80.5,1014.01,97,0.0,0.0,1
425.3,25.4,79.9,1008.43,55,37.0,42.3,0
255.4,31.6,77.8,1016.88,45,75.3,79.8,0
404.2,24.4,74.3,1012.8,80,0.0,0.0,0
173.4,29.8,77.8,1012.31,12,36.0,101.3,0
783.3,27.8,92.7,1011.7,14,17.5,45.4,1
289.3,26.7,73.5,1011.96,70,0.0,0.0,0
344.9,29.1,86.3,1014.05,54,35.3,39.3,0
756.3,28.7,70.7,1009.79,84,0.0,0.0,1
712.9,26.2,68.5,1007.76,97,0.0,0.0,1
468.8,26.1,98.0,1009.52,44,30.0,30.0,1
840.3,24.1,80.6,1014.59,65,17.9,21.2,1
244.1,29.4,80.8,1012.68,55,32.3,40.8,0
468.9,25.0,81.1,1017.15,103,0.0,0.0,1
245.1,28.5,88.0,1013.02,88,0.0,0.0,0
661.3,30.2,79.5,1016.2,96,0.0,0.0,1
650.1,29.1,82.9,1010.83,30,35.6,36.7,1
869.3,26.5,67.0,1011.73,82,0.0,0.0,1
398.3,31.0,84.4,1013.28,32,70.8,79.7,0
987.0,27.4,74.0,1012.74,26,0.0,0.0,2
235.1,24.8,81.7,1012.41,99,0.0,0.0,0
387.9,27.7,61.4,1010.2,7,37.3,99.1,0
239.3,30.1,81.4,1007.7,102,0.0,0.0,0
438.2,26.6,56.9,1015.46,20,38.4,99.1,0
249.6,31.0,73.7,1015.07,87,0.0,0.0,0
662.2,26.3,61.5,1011.1,33,40.7,42.6,1
499.9,26.7,81.4,1014.58,40,34.9,37.8,1
225.3,25.6,76.6,1012.67,27,68.7,75.2,0
588.6,30.4,69.4,1017.12,64,17.8,19.8,1
811.4,28.4,88.2,1008.66,40,33.4,33.8,1
523.2,25.8,68.4,1012.81,71,0.0,0.0,1
193.5,27.4,50.2,1012.53,7,39.6,97.3,0
370.0,21.0,80.4,1013.81,11,36.1,89.1,0
555.6,30.7,61.0,1018.63,15,17.8,41.3,1
353.0,28.0,68.6,1012.82,47,34.2,39.2,0
233.6,21.8,71.6,1015.85,86,0.0,0.0,0
698.8,24.4,63.9,1012.73,94,0.0,0.0,1
345.6,27.3,71.8,1017.0,29,64.2,67.6,0
811.7,24.8,64.1,1015.88,62,19.0,24.2,1
306.2,30.7,77.4,1012.08,82,0.0,0.0,0
335.8,29.7,65.6,1011.83,34,72.7,76.5,0
294.5,29.5,76.3,1014.95,46,37.5,41.8,0
366.9,21.2,85.9,1010.96,57,36.0,36.8,0
495.9,27.0,82.7,1013.92,18,23.2,56.6,1
239.6,26.5,75.3,1012.0,8,40.0,99.2,0
217.8,25.8,67.6,1014.54,20,70.8,75.3,0
161.4,27.3,77.4,1012.69,68,0.0,0.0,0
152.0,25.3,70.1,1010.83,12,41.2,102.5,0
194.7,29.1,77.7,1017.12,24,69.3,75.8,0
305.2,30.6,61.4,1014.09,39,72.6,73.5,0
434.3,30.4,82.9,1013.06,13,35.6,96.2,0
482.8,28.1,76.3,1014.72,24,43.2,44.1,1
424.6,34.1,94.8,1007.4,96,0.0,0.0,1
766.5,31.7,87.1,1020.57,7,16.5,40.5,1
885.4,28.2,80.8,1013.34,70,0.0,0.0,1
346.4,27.1,74.9,1006.38,43,64.8,71.9,0
241.6,32.2,69.8,1017.44,72,0.0,0.0,0
1017.2,31.3,84.0,1010.62,64,0.0,0.0,2
687.2,24.6,74.0,1016.9,27,36.5,41.0,1
662.7,31.5,85.9,1013.68,90,0.0,0.0,1
299.2,28.1,79.4,1007.75,54,35.9,40.3,0
595.7,26.1,79.5,1014.16,87,0.0,0.0,1
426.3,23.0,81.1,1013.91,46,37.7,43.2,0
384.1,27.7,68.2,1017.28,103,0.0,0.0,0
383.7,28.5,67.3,1015.08,82,0.0,0.0,0
507.0,32.9,67.0,1008.91,102,0.0,0.0,1
778.7,31.2,84.9,1016.76,56,15.9,18.3,1
1059.0,26.9,68.0,1011.8,52,0.0,0.0,2
325.0,29.6,69.0,1019.27,81,0.0,0.0,0
438.0,30.8,80.6,1012.01,93,0.0,0.0,0
379.3,28.7,73.9,1012.51,101,0.0,0.0,0
490.8,26.9,72.8,1010.37,37,38.3,39.2,1
356.6,27.0,72.0,1011.5,85,0.0,0.0,0
972.3,29.6,56.2,1010.58,26,0.0,0.0,2
282.2,29.7,67.8,1017.37,60,34.1,39.5,0
325.2,27.7,86.0,1008.59,23,64.2,70.4,0
301.4,21.2,71.4,1016.07,40,65.9,69.0,0
370.3,24.9,59.8,1016.15,98,0.0,0.0,0
201.6,30.2,67.4,1018.07,20,41.8,102.0,0
304.2,22.5,79.1,1013.4,68,0.0,0.0,0
488.5,31.8,78.9,1009.66,64,15.1,17.7,1
486.8,31.4,73.5,1012.65,17,23.5,61.3,1
450.1,28.6,70.1,1015.33,38,30.8,36.0,1
745.7,30.2,64.1,1013.55,61,17.6,19.0,1
497.9,30.0,79.1,1014.53,24,29.4,30.7,1
733.9,28.2,83.1,1018.03,85,0.0,0.0,1
1059.4,24.7,87.0,1015.29,102,0.0,0.0,2
602.9,31.2,66.6,1013.94,26,32.7,40.2,1
202.1,32.4,87.6,1006.79,24,68.4,73.4,0
458.8,25.1,75.5,1010.51,50,17.6,19.5,1
426.7,24.5,76.2,1011.83,80,0.0,0.0,0
811.0,28.1,83.6,1006.33,33,31.4,37.1,1
377.0,26.7,71.4,1009.37,7,40.6,102.8,0
263.3,28.9,57.6,1012.31,59,35.6,43.0,0
313.0,31.9,82.0,1012.88,101,0.0,0.0,0
205.9,22.2,79.0,1015.02,44,68.3,75.1,0
82.0,32.9,72.9,1012.53,47,36.7,38.6,0
974.5,27.4,81.3,1014.12,102,0.0,0.0,2
402.0,29.9,83.0,1011.79,74,0.0,0.0,0
215.6,30.2,63.1,1013.4,77,0.0,0.0,0
846.9,30.6,76.2,1014.83,61,16.5,16.0,1
917.3,28.7,56.6,1018.4,102,0.0,0.0,2
433.8,29.3,74.9,1011.45,74,0.0,0.0,0
196.7,29.3,72.8,1013.75,95,0.0,0.0,0
316.7,26.7,80.2,1016.29,75,0.0,0.0,0
357.3,23.6,66.9,1008.21,79,0.0,0.0,0
408.7,25.1,72.4,1020.24,34,64.8,66.6,0
229.2,28.2,50.0,1017.38,35,75.4,81.7,0
626.9,26.3,80.7,1007.26,83,0.0,0.0,1
127.4,26.3,75.2,1014.55,35,71.3,77.4,0
676.5,33.5,76.7,1011.27,61,14.6,20.1,1
746.3,30.9,63.3,1011.86,30,28.5,32.7,1
332.3,27.8,79.4,1014.48,87,0.0,0.0,0
385.9,30.4,90.0,1016.93,16,41.7,105.0,0
791.9,27.3,74.4,1011.62,88,0.0,0.0,1
545.4,28.8,81.5,1011.67,65,0.0,0.0,1
338.2,29.7,68.6,1014.55,24,72.9,76.3,0
358.2,27.3,75.3,1015.25,59,37.6,44.1,0
508.4,26.6,63.0,1009.73,33,33.0,36.6,1
931.0,31.9,82.7,1019.28,37,0.0,0.0,2
363.7,30.2,77.4,1011.0,40,67.2,68.2,0
333.1,22.2,65.6,1016.63,11,39.7,97.7,0
407.3,26.6,69.2,1014.83,104,0.0,0.0,0
408.5,26.3,76.5,1015.37,8,37.2,100.1,0
465.5,26.8,83.9,1011.07,71,0.0,0.0,1
386.5,30.9,88.6,1007.22,42,66.0,73.1,0
696.1,28.6,74.9,1013.18,70,0.0,0.0,1
253.4,24.6,64.4,1013.19,41,68.2,71.4,0
490.6,27.4,78.0,1009.9,72,0.0,0.0,1
499.9,30.0,91.2,1016.46,78,0.0,0.0,1
264.7,27.9,62.2,1013.07,74,0.0,0.0,0
488.2,26.7,67.9,1010.42,16,23.1,56.8,1
506.3,29.4,81.2,1015.3,71,0.0,0.0,1
102.7,33.0,77.3,1015.39,33,66.3,75.2,0
241.4,29.8,71.4,1010.74,8,37.2,91.3,0
824.5,32.1,77.9,1017.57,46,15.4,18.2,1
296.4,26.9,84.3,1021.1,48,35.0,37.2,0
215.4,28.5,75.2,1009.43,52,37.8,39.0,0
148.7,28.4,74.4,1012.61,75,0.0,0.0,0
230.4,28.8,81.0,1014.43,36,71.9,74.8,0
378.5,29.7,73.7,1021.23,37,67.3,67.8,0
207.7,25.9,85.7,1010.68,11,37.0,93.7,0
548.9,30.3,93.2,1009.96,74,0.0,0.0,1
262.3,23.9,68.4,1009.94,62,35.1,36.5,0
467.2,24.8,65.4,1017.52,40,37.6,39.5,1
766.6,34.5,79.2,1010.77,76,0.0,0.0,1
743.2,27.1,65.1,1010.27,59,17.4,16.8,1
463.3,30.5,64.9,1014.06,52,16.4,23.2,1
222.9,33.3,58.6,1014.33,56,32.5,34.9,0
391.4,22.0,72.8,1017.0,69,0.0,0.0,0
470.7,31.7,75.7,1013.57,71,0.0,0.0,1
1157.5,30.3,71.6,1014.12,34,0.0,0.0,2
148.0,33.1,87.8,1012.88,19,41.3,97.9,0
392.1,25.2,87.2,1008.68,21,67.5,69.6,0
539.4,32.6,92.4,1012.55,69,0.0,0.0,1
423.0,26.4,76.4,1013.47,92,0.0,0.0,0
445.9,31.5,86.1,1011.7,46,35.3,41.8,0
270.2,28.4,78.6,1007.77,22,74.5,77.7,0
621.6,30.7,77.8,1009.28,81,0.0,0.0,1
408.5,28.6,72.0,1013.11,88,0.0,0.0,0
445.1,23.3,56.8,1016.51,93,0.0,0.0,0
653.8,21.0,81.4,1019.14,66,0.0,0.0,1
343.3,29.1,85.8,1012.61,91,0.0,0.0,0
723.4,27.8,63.0,1010.74,7,19.9,47.0,1
204.2,29.6,75.9,1011.95,16,37.3,90.2,0
457.6,27.8,84.4,1009.59,14,18.7,53.2,1
261.9,34.2,72.9,1016.01,76,0.0,0.0,1
